YKR065C	118.885672
YCL018W	526293.1126
YKL216W	265777.6885
YGR143W	123.3493551
YBR017C	65902.21249
YNR069C	45.47591423
YKR081C	57498.61397
YJL088W	1037.035477
YJL073W	30181.39607
YJL034W	174630.5479
YDL106C	10336.0037
YKL120W	709.4706354
YDL222C	164.6220604
YPL036W	6207.304762
YCR090C	32557.75777
YOL142W	33522.67128
YDR391C	41212.98419
YNR057C	308.0756124
YDR376W	9523.95493
YDR320C	11321.05164
YOL126C	22932.85185
YIL053W	575847.6486
YCL030C	7697.896602
YOR250C	11529.55634
YOR370C	1061.879539
YEL056W	30394.94564
YNL284C	710.5889321
YLR420W	36745.86062
YOL058W	5117.102667
YCR034W	1571.521384
YGR088W	1338.486144
YOL059W	50210.1328
YKL218C	1230.251222
YHR209W	6286.60817
YML130C	20912.14215
YHR096C	214.5489559
YGR123C	1224.782199
YKL172W	75803.59057
YCL043C	121426.0826
YHR179W	96226.97221
YOR108W	1619.56936
YGL009C	9831.702814
YGR008C	97200.0055
YDR067C	256.2831208
sp|P05067|A4_HUMAN	0
YDL237W	19436.44046
YHR029C	1873.740457
YLR342W	1044.952786
YLR104W	17071.64037
YDL238C	3344.211158
YOL055C	12305.07626
YPL258C	4891.50011
YPR121W	6869.33869
YIL015W	50.04928886
YJR016C	14494.06902
YGR266W	590.9669588
YBL033C	18556.92401
YPL214C	5643.66673
YOL143C	36277.48507
YGL112C	1319.766853
YGR037C	430755.5856
YDR117C	18668.11636
YMR062C	5590.916202
YNR058W	396.5892054
YKL073W	20890.86273
YMR222C	1022.050417
YDR380W	1188.588986
YGL256W	530.2553548
YDR510W	60141.28876
YFL044C	6620.788584
YOR124C	689.4779422
YBR205W	17673.88313
YNL290W	29952.35202
YHR043C	12947.59733
YMR189W	3252.965904
YER003C	39462.51859
YER055C	8482.163298
YIL116W	2822.176088
YMR107W	609.742629
YER015W	427.6377257
YOL057W	21819.1884
YKR039W	593.6900466
YIL108W	12003.61629
YER069W	3583.800784
YLR179C	28131.44511
YER175C	2297.345312
YPR154W	9037.145633
YHR208W	11825.32999
YAL008W	838.7450349
YOR086C	2287.482053
YMR243C	2351.115358
YHR057C	13084.91143
YHR138C	8946.279508
YOR280C	1034.743913
YKL192C	6996.767871
YKL206C	7379.728717
YKL029C	2554.149251
YOL012C	82972.80412
YBR244W	23784.75962
YJR130C	896.7623255
YDL235C	28203.15826
YLR355C	51229.68892
YGL156W	4360.702481
YFL008W	1477.861947
YDL100C	40476.49413
YGL224C	571.7347224
YOL140W	3555.733042
YOR089C	40192.22444
YNR037C	10454.24154
YDR120C	3512.226494
YDR035W	6452.541968
YML028W	423778.7084
YDR453C	17843.52988
YBR054W	936.4195584
YLR286C	2057.865835
YBR085C-A	57826.44774
YHR018C	6743.070043
YDL171C	3966.369084
YGR014W	897.5751936
YHL021C	16105.85614
YGL147C	24937.31799
YJR109C	11992.20381
YOR065W	2633.788308
YMR120C	20658.60811
YNL130C	1026.696662
YGL153W	473.20336
YGL030W	19967.36162
YMR024W	2000.524203
YMR096W	1259.6466
YOR112W	630.2932877
YNL163C	1382.589583
YGR206W	6164.131953
YBR112C	22622.30359
YER004W	35133.80067
YOR234C	21131.52588
YER073W	4431.008113
YKL141W	2515.947651
YLR079W	410.3048824
YNL064C	86013.03238
YDR497C	2739.629911
YCR046C	908.5485776
YER081W	4215.731326
YOR095C	2820.511986
YDL204W	1772.130607
YDL182W	9636.856778
YJR111C	834.9491046
YOR375C	29046.26751
YGL027C	1715.383596
YDR322W	1911.714253
YGL028C	1183.63543
YEL039C	841.8814894
YJR025C	2228.799839
YGR082W	2613.587105
YPL106C	132885.3617
YPL028W	46845.87033
YKL181W	13130.05509
YBR009C	11450.25748
YAL025C	922.1639537
YGR061C	19380.24412
YER131W	44256.9553
YBR096W	1939.117857
YHR190W	6253.062691
YOR018W	745.909236
YPL010W	48059.87145
YPL118W	1444.583521
YLR301W	32973.40884
YGR174C	563.7090682
YCL059C	3071.973111
YDR237W	1888.833177
YPR024W	1996.595834
YKR042W	1460.595265
YHR137W	1714.513116
YDL053C	27281.94463
YNL111C	8589.294209
YBR166C	16759.89477
YMR108W	14171.77959
YLR429W	3247.394708
YOR222W	3692.86358
YEL046C	15839.78335
YDL198C	4712.160244
YPR139C	990.9245556
YLL019C	688.331499
YOR285W	28497.65137
YLR199C	5728.950243
YJR086W	439.4322954
YOL151W	17152.68865
YKL128C	15844.30167
YDR335W	1007.155691
YLR310C	5834.261149
YKR067W	1335.033586
YOR198C	78905.3165
YPL143W	16967.1516
YJL079C	762.1144692
YFR024C-A	2715.695939
YDL124W	42277.50514
YKL104C	36420.22541
YFR041C	7722.352323
YMR302C	2332.329278
YFR001W	2147.462224
YER136W	23407.82645
YOR354C	792.8741011
YNL292W	12999.77235
YML004C	18621.96391
YDL095W	12705.0118
YMR246W	3961.856972
YDR539W	7789.573285
YNL069C	29810.26958
YDL125C	5508.356041
YIL074C	6246.975179
YGR271C-A	2045.314093
YBR115C	4271.561319
YMR314W	34260.55628
YPL067C	5357.170236
YDR168W	16630.89539
YNL104C	6526.358702
YIL065C	1856.586357
YLR390W-A	20690.31858
YOL094C	9571.664826
YLR382C	283.9165144
YFL045C	59151.30548
YNL066W	726.6270224
YDR304C	25574.45201
YNL070W	10079.55322
YCR005C	2289.721445
YAL036C	5233.575225
YPL004C	15265.14054
YGL255W	1337.859291
YPR160W	4353.408198
YNR021W	5622.622908
YLL040C	1869.641948
YJR008W	3794.293691
YGR092W	10546.50075
YJL165C	441.1039089
YBR061C	1813.032773
YBR192W	439.7899769
YOR020W-A	9811.986291
YDR430C	2830.009291
YIL160C	735.9613513
YPL154C	42300.19246
YHR183W	180089.2255
YGR235C	2206.217723
YNR038W	8256.307448
YKL110C	14997.90152
YKR006C	2845.113802
YMR031C	3507.883153
YEL032W	2300.226439
YBR248C	9957.810834
YML072C	3770.411944
YBL102W	1438.123598
YHR127W	852.9482429
YJR075W	1770.923089
YLR029C	19069.39558
YMR121C	1627.220109
YHR030C	9551.989403
YGL056C	3023.788752
YLR048W	56662.38783
YLR034C	636.4316707
YNR016C	15828.40069
YAL042W	759.1618555
YBR218C	8835.308266
YGR234W	19571.0541
YBR256C	2593.291342
YGR218W	4631.084497
YML054C	2312.771094
YER154W	2954.763014
YOR090C	11802.429
YDL236W	18233.5801
YGR029W	1261.59022
YNR029C	7835.4348
YNL067W	39343.33996
YMR079W	33125.51966
YBR014C	33665.96934
YNL160W	9312.429281
YML048W	5014.129167
YCL035C	26091.84971
YPL084W	14270.96316
YDR164C	714.3937836
YGR279C	4312.082873
YGL037C	24088.20101
YNL044W	27036.54061
YPL190C	11524.79983
YJR134C	4383.958875
YLR058C	30018.52123
YKL212W	6454.45959
YMR039C	6951.254963
YOR158W	1612.435184
YOR131C	7005.379236
YOR369C	41817.34231
YHR044C	13790.27944
YDR169C	42576.60877
YFL002C	694.4048037
YMR196W	1818.093479
YNL173C	1853.257774
YKL165C	26631.02915
YKL005C	570.0255451
YNR050C	15474.79764
YBL002W	66358.6337
YDR224C	88032.64707
YDR476C	10141.4294
YAL007C	23356.24288
YDR109C	1972.662288
YIR036C	4016.693184
YOL022C	9034.827038
YDR372C	7371.695477
YBL015W	4732.279972
YPL240C	143821.2023
YBR146W	2030.34099
YJL128C	10493.81652
YOL127W	46768.58684
YBR160W	22550.52333
YOR288C	12957.29881
YNR001C	7539.97803
YFR044C	41602.93083
YFR006W	5659.694607
YDL229W	13264.42862
YEL051W	38516.37152
YMR315W	26353.59902
YPR074C	109486.8672
YLL048C	2813.995169
YDR519W	16412.42533
YML127W	1900.078726
YNL185C	1489.567775
YGL107C	458.9543194
YPR159W	14983.42155
YGR085C	43522.47683
YAR015W	11253.1068
YHR174W	1316405.716
YJR073C	3388.074305
YER139C	1097.44035
YHR139C	70.08022961
YDR505C	1824.164901
YLR177W	797.9535895
YNL248C	1873.780886
YGR132C	6261.106763
YGL059W	622.5845772
YJL183W	2029.914555
YHL015W	47526.42598
YER025W	14502.97999
YKL114C	11060.26669
Q0250	2086.539238
YOR347C	6360.233409
YLR216C	48401.22908
YJL200C	6317.523982
YBR265W	564.4152725
YDL161W	2117.137777
YMR311C	22889.17162
YHR163W	9476.314154
YBR193C	1482.254238
YHR170W	4526.341801
YMR271C	539.3253667
YBL068W-A	0
YEL024W	5223.46477
YML097C	2078.834979
YKR070W	8886.101611
YJR014W	5015.328712
YMR047C	2532.735263
YPR010C-A	3735.873416
YKR097W	6605.950804
YIL111W	1755.386493
YHR008C	20344.50378
YER008C	1504.012959
YDL052C	4813.2553
YNR068C	553.8011647
YGR169C-A	2145.06441
YBR236C	4728.5578
YJL180C	1228.273475
YNL005C	2321.960698
YBR208C	16931.61669
YLL041C	3609.687987
YCL017C	13047.39009
YDR496C	4197.198635
YHR056C	916.0983367
YOR272W	9541.122263
YHR001W	3238.133966
YKR003W	1964.998185
YBR222C	15552.92838
YOR317W	14208.69171
YMR214W	12630.02097
YOR074C	21982.24924
YPL127C	2886.561979
YGL125W	4332.907465
YKL113C	1674.917054
YML131W	7664.444534
YBL032W	4641.878386
YIR022W	11066.00271
YGR078C	25754.5889
YJL179W	1699.449345
YOR341W	7868.821229
YPL281C	566.654468
YBL087C	8276.731843
YPL247C	1896.687031
YDR475C	788.9992025
YKL196C	29988.13608
YOR220W	6273.555154
YPR149W	14633.99583
YFL059W	2446.466755
YLR081W	4460.583633
YHR092C	8627.806791
YHR025W	7260.484037
YNL154C	3173.930822
YOL039W	25440.33806
YDR354W	2910.65291
YAL062W	1087.554744
YDR127W	11762.22598
YKR095W	1275.786065
YCL026C-B	6926.789084
YDR284C	1251.399228
YMR183C	6572.617265
YMR303C	1479.77
YIL022W	5752.347419
YER027C	15729.94713
YJR077C	10776.49984
YPR035W	24461.99934
YOL123W	21275.9406
YLR398C	2482.466538
YDR089W	717.9438013
YML063W	72566.10616
YDL213C	7891.198839
YPL160W	32085.85372
YNL315C	2062.249194
YNL075W	19983.46079
YLR258W	19012.07154
YGR130C	4189.556213
YLR290C	1372.137395
YAR002W	3494.526347
YOR184W	17001.21359
YMR295C	14902.60729
YDR267C	1165.150173
YFR050C	22899.13972
YNL229C	7844.289326
YJR091C	9422.779901
YPR181C	25439.79068
YNR034W-A	6913.096611
YHR104W	21292.1219
YPL059W	2608.362898
YKR001C	22493.6833
YKL117W	45164.94717
YAL003W	104846.6844
YNL079C	124629.7909
YHR070W	13090.72556
YNL308C	2735.696492
YMR090W	9524.780568
YHR200W	8268.026955
YOR257W	1793.305783
YPL074W	280.2818258
YGL253W	189136.2954
YGL206C	14387.39715
YLR069C	3627.428708
YLR441C	33460.19626
YMR258C	681.8751677
YLR208W	25132.7175
YGL207W	10095.17007
YLR418C	3430.932482
YKL024C	11752.13224
YLR113W	11154.88712
YPR054W	2302.182014
YBR249C	16895.85109
YJL208C	2129.681196
YOR206W	2159.44816
YNL312W	7499.77382
YBR164C	14789.42327
YPR137W	1649.997
YER091C	77378.57394
YLR078C	14348.49162
YIL044C	354.5530894
YBL027W	55328.7609
YNR023W	1389.079959
YGR136W	24058.07201
YBL095W	6850.335334
YLL034C	2964.26174
YOL077C	30241.69365
YBR089C-A	3844.617296
YJL063C	2375.113043
YPR010C	9624.720799
YPR129W	13154.33202
YHR176W	33.95271912
YMR250W	3869.961234
YGR076C	1474.689052
YPL270W	1513.906036
YOR151C	8711.055789
YKL142W	14398.86603
YOR310C	18106.76973
YIL027C	11391.27757
YHR065C	3162.383576
YGR152C	4461.333058
YBR025C	52934.22006
YLL009C	9572.990363
YOR267C	17790.83429
YLL001W	4896.446701
YDR346C	23563.87385
YNL220W	17562.69436
YDR347W	2661.404719
YJL190C	28083.62396
YDL022W	37205.24459
YER024W	934.7282434
YLR314C	22002.95441
YGR019W	14225.79907
YCL009C	7240.680285
YLR229C	3257.940527
YBR018C	809.1842441
YMR080C	2879.351416
YFL037W	26059.47031
YGR189C	37361.13214
YOR374W	14419.9612
YLR260W	11186.3524
YOR130C	1175.728531
YIR034C	14098.62795
YHR089C	44398.1802
YIL133C	22057.55421
YLR345W	1608.800044
YLR328W	10589.43992
YMR169C	2512.567691
YPL050C	12076.57738
YDR155C	144718.1763
YJL050W	2619.307232
YGL044C	25150.36585
YHR019C	25315.80296
YDR341C	17702.35482
YDR408C	30888.03734
YLR448W	20545.28758
YBR091C	2821.205517
YBR145W	3932.575166
YDL130W	70800.67594
YBL075C	10825.44525
YER156C	11010.16308
YJL101C	2295.582567
YBR092C	2045.640114
YAR071W	3155.338581
YBR093C	955.6625128
YML042W	153.2313878
YPL218W	29509.11007
YBR015C	3608.478514
YER090W	12319.64556
YDR037W	25274.34909
YLR056W	13087.48824
YOR111W	5715.006484
YMR142C	34535.76673
YDR158W	17885.20649
YDR194C	3308.467169
YBL076C	26849.37957
YIL078W	20698.14667
YKR029C	161.9601447
YBR202W	2649.048292
YPR062W	19962.24437
YDR462W	757.5618679
YIR035C	12953.23159
YFR033C	333934.3738
YHR097C	2663.576007
YHR199C	8042.268391
YKL195W	2295.56023
YNR067C	1796.546773
YHR049W	20603.21136
YGR116W	4989.584397
YGR080W	7033.141323
YLR347C	22734.00171
YNL096C	36830.01864
YOL120C	37110.81312
YGL173C	8091.296107
YGR192C	2268686.068
YJL116C	216.3961542
YGL014W	2329.104274
YMR104C	1096.340779
YPL239W	12842.72196
YCR030C	4669.976631
YPL134C	598.3281929
YJR099W	7510.449519
YER114C	1863.848921
YJL055W	9609.059174
YLR100W	4586.86827
YJL126W	1522.962234
YBL022C	4307.523074
YMR229C	4997.056878
YDL131W	12188.08991
YHR128W	29782.75714
YJR121W	25657.01956
YFL021W	4558.469548
YPR191W	13789.09732
YFR030W	2920.820343
YGR086C	21094.35104
YGR133W	2030.723146
YBR072W	11493.2792
YKR069W	684.4592743
YPL198W	14947.60307
YMR152W	2198.359509
YNR070W	549.9751555
YJL036W	5489.41694
YBR078W	14082.8437
YOR043W	5400.758905
YMR300C	7547.317016
YER030W	5727.679962
YPR173C	3003.271308
YHR024C	3502.970054
YJL060W	5452.316247
YMR061W	1958.204829
YKR076W	1754.511397
YER159C	2900.571082
YDR516C	10420.42222
YJL061W	1676.346726
YDL173W	7602.176418
YGL200C	17141.66825
YER152C	3655.964562
YCR033W	9731.060834
YMR197C	3205.24537
YMR192W	5609.247944
YGL115W	10350.1506
YBL055C	8282.922178
YAL035W	16178.14229
YNL178W	58302.71576
YKR066C	11178.27901
YJL125C	957.2088956
YGL202W	17584.50453
YJR060W	4069.087751
YDL178W	11836.98829
YAR002C-A	15621.62213
YHR047C	6585.227824
YOL016C	11592.78645
YOL111C	14066.088
YEL060C	10880.66156
YNL239W	6883.213024
YLR340W	36438.82651
YDR518W	20663.93632
YGR210C	5840.191443
YJR101W	2272.012392
YDR148C	4522.066709
YJR051W	6452.399634
YGR185C	19767.14504
YHR027C	17989.17148
YPR036W	13189.79599
YDL223C	1774.774739
YML039W	0
YAR009C	0
YDR210C-C	0
YDR210C-D	0
YDR365W-A	0
YDR365W-B	0
YDR502C	50896.87415
YLR192C	21971.25071
YLR364W	5612.956145
YLR121C	5039.526819
YNL010W	25359.30129
YGR194C	2075.755839
YPR029C	518.4336967
YPL260W	15511.57632
YBL030C	19641.94117
YMR056C	1224.564867
YNL232W	3092.254487
YNL202W	262.5810858
YGL196W	4020.746874
YDR322C-A	3591.823668
YDR074W	12724.11519
YCL028W	4223.022964
YPL091W	11816.172
YLR178C	16095.1206
YML117W	2186.399221
YHR114W	1958.563689
YDR028C	33917.0706
YPL105C	1400.965729
YPL104W	522.5140089
YCR083W	5131.497464
YNL131W	10685.35498
YGL023C	4670.896486
YLR129W	2083.639745
YCL019W	0
YBL100W-A	0
YBL100W-B	0
YCL020W	0
YFL002W-A	0
YFL002W-B	0
YPR167C	3146.643613
YIL070C	3688.91203
YMR054W	9342.450346
YDR483W	12956.13582
YBL023C	983.2018976
YOR298C-A	25040.64596
YMR309C	17696.76427
YBR251W	2204.960446
YNL168C	10370.1791
YDL083C	21607.76823
YLR197W	17234.69774
YBR052C	5443.79793
YFR053C	30968.18066
YHR051W	6761.075346
YDL202W	1740.778822
YER042W	10777.38836
YGL135W	81355.82727
YLR136C	3267.262512
YBR230C	10873.17479
YAL012W	42550.0704
YLR172C	11951.72425
YER020W	2423.396417
YAL016W	7386.723812
YHL007C	2039.483027
YDR182W	1384.861773
YOL067C	2676.279541
YBR151W	5882.51103
YLR060W	35512.50833
YOR362C	19611.7492
YCR004C	5144.719763
YIL055C	1140.265868
YOR243C	9140.764948
YJR007W	20584.3176
YKR013W	6939.802242
YDR289C	1822.982913
YHR037W	12356.52518
YMR029C	5793.487306
YKL157W	6713.084386
YOR189W	9631.423653
YHR143W-A	6792.779985
YDR119W-A	0
YGL250W	3072.197546
YJL140W	11726.82823
YMR083W	10285.60333
YBR273C	4489.033086
YLR304C	28529.43024
YOL088C	7973.659517
YAL005C	200416.9758
YDL076C	1182.908444
YIL142W	24367.98414
YJL001W	33064.82525
YBR079C	21375.40914
YGL068W	5627.912742
YGL197W	985.7782862
YHR117W	5459.646741
YDL126C	37450.71342
YOR163W	9097.977548
YEL052W	2137.730762
YBR126C	35302.57262
YDL075W	41369.73684
YLR406C	18569.28475
YPR180W	6433.735231
YJR070C	28433.73629
YHL031C	3043.256401
YKL170W	2850.325217
YNL015W	39410.06407
YPL009C	4782.14895
YOR232W	13613.0607
YGL201C	2813.299934
YMR086W	1597.886777
YDL192W	56941.3913
YER082C	15681.39888
YHR098C	8805.639827
YPR028W	12858.5799
YKL088W	5227.880554
YFR017C	3708.923646
YHR038W	10637.2622
YMR125W	3784.018857
YPL111W	26012.90644
YGR094W	31030.63235
YKL081W	53117.90339
YLR206W	1672.748949
YLL029W	7009.901727
YDR051C	1609.395283
YEL013W	6903.257429
YLR147C	7152.220614
YER155C	1039.079979
YER050C	931.6676533
YDR333C	1630.226974
YLL062C	748.425406
YML124C	7422.729173
YPR172W	7931.720746
YDR033W	12828.26402
YDL021W	6121.410554
YKL137W	547.0827269
YGR200C	3148.283201
YGL208W	301.0491454
YJR069C	36656.99145
YBR046C	626.7596432
YJL136C	180317.7901
YKL007W	8506.405276
YOR224C	3551.450087
YDR411C	5017.379992
YGR175C	6733.687826
YFL048C	4519.242798
YOR209C	19855.77687
YEL002C	15622.28208
YBR122C	12234.61341
YPL049C	2075.563701
YNL259C	20859.58967
YIL087C	2051.255263
YHR187W	3669.540355
YDR486C	4290.842688
YOR270C	12810.06067
YLR089C	11663.68364
YKL213C	7197.360657
YBR108W	918.518282
YGR233C	2127.552993
YLR292C	9005.697305
YLR397C	5659.307955
YEL054C	30570.10118
YKL151C	3271.454235
YDR262W	4647.989844
YBR263W	16472.52607
YPR036W-A	930.4333509
YDR272W	15167.71716
YLR327C	14538.14391
YEL066W	2162.618512
YGR034W	49975.81747
YJR006W	7075.920719
YDR189W	8708.592919
YGL252C	6815.946872
YBL099W	26831.80967
YDL025C	1916.417951
YER142C	1388.913404
YNL009W	1027.346923
YLR175W	11143.8787
YGL070C	4071.519843
YDR116C	2842.851805
YOR099W	12604.59054
YPR183W	18954.01342
YPR040W	4679.882617
YJL041W	7580.438491
YNL098C	7900.847625
YPL170W	6219.010449
YMR264W	14025.23939
YDL004W	29782.15181
YJR149W	2717.87378
YFL016C	8548.210548
YJL096W	7043.141673
YEL011W	2870.319794
YDL092W	7922.803967
YKR059W	41693.40185
YDL110C	6581.56424
YIL155C	2731.245212
YMR242C	30066.71087
YBR121C	34298.21475
YLR231C	7626.553268
YJR103W	4510.36621
YCR102C	3267.089343
YJL155C	646.5412777
YDR238C	11995.25689
YBL098W	972.0187831
YBR109C	32985.50736
YDR469W	3208.711842
YHR193C	87399.75259
YDR009W	617.314673
YER122C	11219.65012
YFR011C	16385.58528
YCR009C	8991.742319
YMR038C	4962.303038
YML056C	56265.64457
YDL208W	41380.74936
YJL008C	14536.54349
YFL022C	36082.20255
YNL209W	70877.56293
YGR111W	4724.724929
YGR255C	4012.890883
YML128C	4287.102666
YPL249C-A	20445.04716
YPL273W	10937.98207
YMR321C	11650.88452
YPL031C	2810.933674
YBL101C	1596.433622
YMR008C	4683.205987
YDR305C	5097.209798
YOR109W	2595.458993
YLR174W	7221.986092
YDR062W	3877.139509
YDL055C	129829.1121
YIL051C	28636.69179
YJL117W	5047.507469
YPR127W	3765.85645
YJR009C	57728.48308
YHR009C	2920.62983
YOL060C	23865.31176
YEL027W	8832.140467
YOR187W	9940.725798
YDR055W	5270.783222
YNR003C	10947.67475
YDL007W	21677.73603
YNL313C	2214.340601
YAL034C	1018.585454
YDR045C	22311.74261
YDR092W	5913.702384
YIL115C	3629.875364
YDR477W	4424.127638
YIL093C	2244.320685
YER168C	7772.064943
YMR174C	2201.591808
YDL185W	52953.38556
YDR070C	3639.243591
YDR050C	146576.3205
YDR236C	3315.702874
YJL002C	21621.64375
YNL250W	3175.909948
YKR016W	8007.93481
YBR143C	29197.1141
YGR253C	21169.76167
YPL196W	477.6645401
YBR280C	3426.789588
YPL058C	3477.609698
YCL040W	24844.57786
YGL049C	9697.463379
YBR019C	1398.255455
YOL097C	24076.87536
YLR387C	9167.923769
YOR027W	61317.80251
YBL041W	14741.96826
YHL001W	26682.76315
YKL006W	32887.71042
YPR141C	2097.010883
YOR251C	10172.11717
YPL135W	3796.843823
YMR219W	3219.203452
YNL169C	1224.512382
YGR250C	3198.212472
YLR249W	143456.0701
YER110C	25231.60307
YDR358W	3600.029563
YCR060W	4701.028459
YDL160C	9655.929712
YGR277C	5372.916839
YMR267W	1371.467683
YNL100W	969.3359987
YER019C-A	3679.05334
YIL041W	22735.93886
YOR046C	9496.827648
YDR472W	7109.074777
YKR080W	8928.963945
YBR084W	11941.3552
YPL217C	2975.887304
YJR019C	1554.117604
YER178W	25890.72388
YJL081C	2871.960825
YPL212C	5339.039548
YKL182W	59269.91312
YHR021C	39304.669
YJR048W	137789.7493
YDR303C	8704.920264
YLR017W	3813.930157
YOL030W	5253.384067
YJR088C	5018.887664
YDL061C	76387.65609
YNL099C	1513.166628
YMR297W	13388.61894
YGL106W	45273.96686
YOL139C	53005.98644
YDR098C	2765.146108
YDR394W	7898.749511
YKL016C	13815.88238
YPR110C	11140.67449
YPL237W	13789.28523
YLR008C	2447.034667
YBR135W	15009.68823
YPR125W	8485.565052
YHR106W	1551.816307
YOR164C	4882.991289
YMR308C	4323.990979
YFL030W	1510.187426
YGR162W	14300.60652
YPR097W	9096.66852
YIL138C	9982.631228
YGR187C	3374.600619
YKL017C	4283.479757
YPR004C	13312.18092
YKL052C	1877.45069
YDR171W	23512.84602
YGR193C	11262.5421
YMR203W	11850.37502
YER112W	4124.045738
YGR256W	2915.289234
YLR027C	38113.65248
YJR080C	2234.491507
YER061C	1965.530453
YGR286C	2570.164805
YPL226W	19297.40233
YDL084W	38772.89171
YGL019W	3323.153343
YGL238W	4035.611863
YLL015W	4153.842793
YOR212W	1945.950319
YGL220W	926.8786539
YHL030W	1526.853046
YLR133W	2773.392135
YHR087W	11964.52449
YML001W	6751.746039
YBR171W	15995.19641
YJL217W	7064.806825
YPR133C	6472.346629
YIL149C	1938.89875
YHR132C	5768.295894
YNR006W	2044.682294
YPR103W	21976.19743
YBL007C	7059.173552
YPL139C	2553.723918
YBR295W	2495.083179
YMR140W	1228.797219
YJL158C	51833.18055
YJL160C	0
YPL079W	82020.05082
YMR161W	4016.959671
YDR353W	31814.46526
YGR084C	5282.623797
YKL014C	9011.359674
YMR225C	1248.150292
YDL097C	10423.50888
YLR380W	7319.99009
YKL079W	1912.246938
YBR127C	28339.11629
YDR234W	6491.236933
YBR086C	2787.937451
YGL221C	8724.978371
YER049W	9633.76445
YGR267C	3470.319167
YFL010C	7366.415606
YNL208W	34218.48191
YBR149W	16897.96563
YOR323C	7253.654718
YIL069C	52175.31877
YOR182C	68597.48327
YNR017W	4946.537895
YPR163C	34191.18127
YER006W	6157.4774
YLR185W	20302.78534
YER166W	1643.991345
YLL026W	42788.83019
YIL083C	6897.419107
YNR026C	3586.986831
YBL036C	6502.36235
YER048C	10593.61234
YBR117C	5909.639001
YGR231C	4708.587595
YFR015C	1015.566987
YLL038C	1179.602816
YLR432W	39957.14361
YAR075W	0
YBR031W	338784.3655
YGL101W	2382.690008
YPL223C	1069.392015
YNL207W	3306.425026
YOR259C	17004.45418
YLR377C	1796.98962
YDL201W	3377.40937
YMR194C-B	2524.928131
YGL245W	32535.63902
YJL123C	7188.743381
YEL026W	37064.30786
YDR226W	101013.9835
YKL002W	3950.781942
YER094C	19862.47524
YPR189W	7246.634437
YDR452W	1340.882715
YDR129C	21219.55933
YEL038W	7384.086284
YHR010W	6184.625907
YER017C	5137.840566
YGR275W	6641.828706
YML080W	1378.739097
YEL073C	0
YGR097W	1876.960155
YDR500C	18503.10607
YER079W	7589.746363
YHR020W	26309.51446
YGL242C	14239.62221
YML074C	16995.36146
YDL234C	1473.840242
YLL021W	3844.826079
YER101C	5748.235317
YGR209C	42123.11283
YPL098C	3996.144438
YOR197W	6687.664012
YDR494W	3071.86292
YPL119C	3941.77904
YDL065C	8080.207555
YHR113W	8476.207351
YBR172C	2860.245607
YGR204W	33108.89868
YGL062W	17872.35181
YGL129C	2027.935324
YML079W	7897.34419
YDR404C	5509.32444
YMR091C	2536.626276
YOR120W	8037.416552
YGL031C	92439.24092
YOR271C	10413.15289
YBR286W	17065.15763
YPR034W	4813.541448
YJL176C	4198.987383
YOR133W	44002.10096
YJR068W	5503.513183
YOL038W	19932.28947
YLR126C	3134.076702
YKL058W	15590.60774
YJL207C	1521.899174
YFR010W	12479.49053
YER134C	5752.516363
YIL039W	6607.712484
YER048W-A	8780.324055
YMR058W	2663.734479
YMR072W	25025.37287
YIL033C	12397.76652
YPL225W	9923.732982
YOL086C	121135.8465
YPL054W	758.058776
YOL102C	2980.006102
YJR113C	3125.047159
YGL130W	3431.213059
YNL183C	2589.586483
YIL075C	11625.18163
YOR340C	3952.907013
YBL017C	8257.507731
YIL173W	1404.563533
YHR121W	13073.53845
YKR057W	89437.05172
YIR038C	6656.128645
YPL145C	29802.64822
YEL058W	12608.09171
YIR021W	1347.032366
YBL024W	11352.86258
YGL001C	12122.77498
YGL011C	22911.82337
YMR301C	3291.435477
YDL168W	12861.14769
YKL065C	8777.057421
YCR053W	58516.80104
YNL055C	18771.67777
YDL215C	9020.728312
YBR085W	1080.0
YJR155W	4442.0
YNL331C	3504.0
YOL165C	3504.0
YCR107W	3260.0
YDL243C	3504.0
YNL141W	7949.0
YBL074C	1034.0
YKL106W	3450.0
YKL112W	6206.0
YJR108W	1248.0
YOR239W	9715.0
YCR088W	19342.0
YNR033W	2596.0
YMR289W	1654.0
YER045C	1366.0
YLR131C	538.0
YLR144C	1766.0
YJR083C	2410.0
YDL203C	1153.0
YDR161W	4073.0
YPL267W	1260.0
YAL054C	4496.0
YLR153C	42561.0
YFL039C	59660.0
YDR448W	2389.0
YMR184W	2292.0
YLR359W	32589.0
YLR028C	12049.0
YOR128C	12048.0
YGL234W	28081.0
YCL058W-A	255.0
YMR318C	14717.0
YCR105W	2020.0
YMR009W	2967.0
YER170W	1165.0
YJR105W	41323.0
YCR011C	3611.0
YDR216W	1576.0
YCR010C	1298.0
YMR064W	980.0
YMR282C	1588.0
YPL005W	1688.0
YLR040C	3265.0
YOR129C	235.0
YDR085C	329.0
YGL071W	2431.0
YPL202C	139.0
YNR044W	2577.0
YGL032C	1599.0
YPR021C	376.0
YDR524C	597.0
YCL025C	4012.0
YBR132C	1923.0
YFL055W	0
YDR214W	13820.0
YOR023C	754.0
YCR082W	1384.0
YDL073W	368.0
YLR109W	291203.0
Q0050	353.0
Q0055	271.0
Q0060	1029.0
Q0065	128.0
YNR074C	1560.0
YER087W	2644.0
YER093C-A	1329.0
YGL160W	1275.0
YHR198C	1871.0
YIL158W	1633.0
YIR003W	3655.0
YJL046W	1147.0
YJL131C	1857.0
YJR100C	1613.0
YKR074W	4893.0
YAL049C	5934.0
YML050W	1164.0
YML087C	0
YMR003W	1940.0
YMR157C	2524.0
YOL053W	506.0
YOR215C	6997.0
YPL158C	238.0
YBR194W	1494.0
YDR063W	3849.0
YER080W	7830.0
YMR092C	12185.0
YFR016C	3459.0
YIL079C	1851.0
YDL175C	1750.0
YBR059C	4059.0
YDR264C	4094.0
YOR034C	915.0
YOR335C	47441.0
YJL122W	5163.0
YMR170C	4738.0
YPL061W	135000.0
YOR175C	2998.0
YNL148C	2398.0
YNL048W	2867.0
YNR030W	3337.0
YGL047W	1883.0
YBR070C	1855.0
YBR110W	2334.0
YGL065C	3056.0
YBL082C	1472.0
YPL227C	3009.0
YOR002W	2035.0
YBR243C	599.0
YOR067C	635.0
YNL219C	3829.0
YGL021W	936.0
YBL009W	541.0
YML086C	9493.0
YOL130W	1312.0
YFL050C	1558.0
YDR111C	1716.0
YKR021W	1667.0
YJL084C	1946.0
YML035C	3973.0
YDR242W	561.0
YBR211C	1545.0
YOR378W	1184.0
YBR158W	1682.0
YJR047C	7323.0
YEL036C	3411.0
YKL047W	2524.0
YPR128C	2250.0
YMR010W	3402.0
YCL050C	19870.0
YDR530C	2833.0
YDL008W	2709.0
YNL172W	209.0
YLR127C	388.0
YDR118W	1364.0
YOR249C	424.0
YLR102C	1694.0
YKL103C	8293.0
YNL077W	1068.0
YJR005W	2237.0
YKL135C	3426.0
YBL037W	2047.0
YPL195W	4481.0
YGR261C	4197.0
YPL259C	2995.0
YHL019C	930.0
YBR288C	2447.0
YOL062C	1935.0
YBL019W	395.0
YNL094W	1068.0
YIL040W	2755.0
YLR170C	2393.0
YJR058C	1390.0
YJL024C	3356.0
YML022W	14278.0
YDR441C	2622.0
YNL065W	1755.0
YLL052C	1579.0
YFL054C	182.0
YMR041C	1370.0
YER036C	32089.0
YIL062C	11932.0
YLR370C	11539.0
YKL013C	5918.0
YGL105W	38196.0
YNR035C	13065.0
YBR234C	7898.0
YHR013C	5599.0
YCR048W	1141.0
YNR019W	3028.0
YDL137W	10072.0
YOR094W	3570.0
YJL071W	1956.0
YMR042W	963.0
YML099C	251.0
YDR173C	2720.0
YGL157W	9003.0
YNL020C	1590.0
YPL051W	2024.0
YHL040C	823.0
YHL047C	1204.0
YGL148W	18044.0
YPR060C	7041.0
YDR421W	345.0
YDR106W	8.0
YHR129C	1068.0
YDL029W	16063.0
YJR065C	14242.0
YNL059C	3202.0
YLR085C	1182.0
YOR141C	2961.0
YMR033W	4933.0
YPR199C	1157.0
YPR201W	0
YLR392C	540.0
YGR068C	1317.0
YLR242C	1322.0
YDR101C	11002.0
YPR085C	863.0
YMR116C	103354.0
YOR058C	844.0
YJL115W	4258.0
YDL197C	1240.0
YIL130W	3190.0
YJL170C	2071.0
YKL185W	889.0
YMR119W	411.0
YNL159C	1035.0
YNL008C	289.0
YDL088C	3387.0
YPR145W	48488.0
YGR124W	30867.0
YDR321W	11287.0
YLR155C	0
YLR158C	0
YLR160C	0
YPR093C	1333.0
YBL069W	3018.0
YDR184C	660.0
YGL017W	2030.0
YOR377W	1734.0
YGR177C	2217.0
YPR049C	961.0
YPR185W	1536.0
YBR128C	15173.0
YCR068W	850.0
YMR159C	1478.0
YLR423C	746.0
YFR021W	1929.0
YOL082W	1152.0
YGL180W	1588.0
YDL113C	2160.0
YPL100W	1931.0
YCL038C	1068.0
YLR431C	969.0
YLR189C	1446.0
YJL178C	4433.0
YPL166W	2407.0
YNL242W	842.0
YDR022C	486.0
YIL146C	1207.0
YLR356W	2259.0
YOL083W	1077.0
YJL185C	0
YLR211C	933.0
YLR312C	1159.0
YNR007C	2150.0
YOR152C	1890.0
YPL250C	1492.0
YBR139W	4606.0
YNL223W	2031.0
YPL149W	648.0
YHR171W	1162.0
YBL078C	2400.0
YDL149W	767.0
YPR026W	345.0
YDR384C	2211.0
YLR393W	1890.0
YLR295C	16282.0
YPL271W	14543.0
YDR377W	5942.0
YML081C-A	5122.0
YOL077W-A	3710.0
YPR020W	4748.0
YDR350C	867.0
YNR020C	1262.0
YMR098C	1522.0
YBR039W	18490.0
YPL078C	20801.0
YDR298C	24239.0
Q0085	1077.0
YML116W	1926.0
YMR279C	1144.0
YAL020C	998.0
YOR079C	1688.0
YKL004W	4305.0
YOR011W	10541.0
YLR114C	3799.0
YOL078W	769.0
YMR068W	1273.0
YJR001W	1596.0
YEL064C	759.0
YKL146W	1378.0
YNL101W	1494.0
YBL089W	294.0
YER119C	1337.0
YIL088C	1275.0
YPR122W	694.0
YIL140W	2006.0
YIL124W	3744.0
YOR113W	1058.0
YGR224W	1071.0
YOR134W	645.0
YBR068C	6997.0
YDR046C	5922.0
YKR099W	1754.0
YJR148W	15613.0
YJL020C	10019.0
YPL255W	1466.0
YHR040W	1723.0
YMR237W	4430.0
YKR027W	1287.0
YJL095W	798.0
YER167W	1165.0
YDR361C	6452.0
YDR375C	1538.0
YLR399C	6880.0
YDL070W	2374.0
YAL060W	10791.0
YAL061W	2411.0
YNL039W	2215.0
YBR200W	3046.0
YPL115C	2687.0
YPL161C	2027.0
YLR412W	2316.0
YIL004C	3620.0
YPR176C	1520.0
YKR068C	3778.0
YJL031C	1743.0
YML077W	1226.0
YJR053W	756.0
YDR299W	6802.0
YGR282C	25110.0
Q0115	183.0
YHR101C	1510.0
YCL029C	1830.0
YOR304C-A	3005.0
YER016W	2653.0
YJR089W	1518.0
YBR270C	572.0
YJL058C	1070.0
YKL061W	1658.0
YFL007W	2995.0
YLR408C	468.0
YER177W	65471.0
YDR099W	42982.0
YBR141C	623.0
YIL096C	1200.0
YLR063W	2052.0
YJR078W	578.0
YFR047C	3771.0
YDR428C	3086.0
YNL271C	2202.0
YNL233W	2132.0
YNL166C	3847.0
YIL159W	584.0
YGR230W	1172.0
YBL085W	2526.0
YAL044W-A	3455.0
YAL046C	1951.0
YLR267W	7728.0
YNL042W	1204.0
YNL275W	451.0
YCR032W	234.0
YDL141W	4195.0
YDL074C	3447.0
YLR015W	1387.0
YDL231C	426.0
YNR051C	7140.0
YGR246C	2239.0
YHR036W	1413.0
YBL097W	1150.0
YPR057W	1583.0
YER172C	1898.0
YGL247W	2516.0
YDL037C	0
YDR275W	1305.0
YOL137W	1407.0
YBR290W	2139.0
YPR171W	2550.0
YFL025C	434.0
YGR142W	1939.0
YPL069C	2202.0
YDR252W	1954.0
YGR188C	414.0
YMR055C	591.0
YOR026W	1233.0
YGL174W	2089.0
YAR014C	3621.0
YEL029C	1426.0
YNR027W	2557.0
YLR074C	5349.0
YOR078W	3083.0
YMR014W	3975.0
YCR047C	4050.0
YFL023W	2709.0
YKL092C	1615.0
YCR063W	2501.0
YGR262C	2676.0
YCL014W	2207.0
YJR092W	1600.0
YCR038C	1080.0
YLR319C	2208.0
YOR299W	2070.0
YLR353W	477.0
YGR041W	952.0
YDL099W	4201.0
YMR275C	2774.0
YML111W	1622.0
YLR226W	2508.0
YNL305C	1452.0
YDR531W	3663.0
YDR196C	2249.0
YML102W	2486.0
YDR423C	1183.0
YNL278W	1994.0
YGR134W	1258.0
YFL028C	4946.0
YOR276W	17776.0
YNL288W	3590.0
YKR036C	1771.0
YFL029C	3296.0
YPL048W	23200.0
YEL063C	3618.0
YIL034C	7206.0
YLR438W	21955.0
YOR125C	2298.0
YMR280C	827.0
YGR036C	2547.0
YPL178W	6111.0
YGR140W	1505.0
YNL161W	2674.0
YJL209W	1965.0
YHL038C	1814.0
YPL215W	3987.0
YBR120C	4089.0
YIL043C	6294.0
YDL069C	556.0
YDR197W	2140.0
YKL208W	1150.0
YLR220W	3502.0
YDR270W	1155.0
YKL011C	979.0
YGR217W	633.0
YPR025C	2432.0
YGR150C	1300.0
YAL021C	4896.0
YJL014W	21093.0
YDL143W	20420.0
YJR064W	18486.0
YDR188W	13342.0
YJL111W	16084.0
YLR110C	13881.0
YBR131W	1101.0
YLR307W	1245.0
YLR308W	0
YCR002C	7156.0
YJR076C	7235.0
YLR215C	3142.0
YHR107C	11544.0
YDL220C	319.0
YFR028C	3030.0
YAR019C	1225.0
YKL022C	2073.0
YAL038W	144590.0
YGL116W	2175.0
YHR166C	811.0
YAL041W	3501.0
YFR036W	2537.0
YBL084C	955.0
YDR054C	4374.0
YDL165W	3237.0
YCR093W	6644.0
YDR364C	1630.0
YGL155W	2069.0
YLR103C	1632.0
YFL009W	1191.0
YCR094W	1900.0
YDL132W	3627.0
YGL190C	3899.0
YMR001C	319.0
YJL194W	2353.0
YDL017W	1562.0
YJR057W	2928.0
YDL164C	3108.0
YLR245C	3117.0
YGL003C	632.0
YBR029C	8865.0
YMR213W	1168.0
YMR168C	1292.0
YPL228W	3705.0
YIL003W	1285.0
YDR301W	2002.0
YLR115W	2009.0
YML036W	4266.0
YGL029W	4838.0
YCL064C	8233.0
YLR098C	402.0
YER164W	3713.0
YBR274W	748.0
YPL008W	394.0
YDR254W	606.0
YJL049W	1930.0
YER026C	5614.0
YGR157W	7198.0
YNL192W	2492.0
YBR038W	867.0
YBR023C	2544.0
YLR330W	7563.0
YJL099W	986.0
YHR142W	2296.0
YHR122W	2753.0
YHR052W	11189.0
YMR198W	1091.0
YDR387C	0
YOR349W	984.0
YPL241C	1401.0
YMR138W	1143.0
YOR028C	1905.0
YEL061C	763.0
YPL014W	3054.0
YGR207C	7540.0
YOR356W	3898.0
YLR346C	2806.0
YPR001W	1233.0
YIL035C	6651.0
YOR061W	6548.0
YOR039W	4469.0
YNL298W	2091.0
YGR108W	576.0
YPR119W	339.0
YDL155W	892.0
YLR210W	99.0
YPR120C	521.0
YGR109C	0
YGR167W	9998.0
YGR110W	160.0
YLR117C	1170.0
YGL215W	1209.0
YMR199W	796.0
YPL256C	1801.0
YAL040C	873.0
YMR012W	20475.0
YBL059C-A	1830.0
YLR271W	830.0
YIL002W-A	7407.0
YDR461C-A	477.0
YFR014C	3461.0
YML057W	4495.0
YDL156W	1850.0
YOR093C	823.0
YPR013C	2004.0
YLR003C	4463.0
YLR433C	3891.0
YKL190W	4890.0
YAL058W	1135.0
YDR357C	1317.0
YNL225C	1901.0
YFR046C	1283.0
YBR155W	4303.0
YIL157C	2572.0
YJL062W-A	2530.0
YLR218C	2060.0
YMR244C-A	3202.0
YLL050C	47902.0
YGL223C	2425.0
YGR120C	1989.0
YER157W	2578.0
YPR105C	1744.0
YNL051W	2271.0
YNL041C	2524.0
YGL005C	2389.0
YML071C	3030.0
YDR381C-A	2399.0
YDL145C	16265.0
YOL008W	801.0
YBR003W	2868.0
YBR230W-A	4720.0
YNR041C	901.0
YOL096C	1264.0
YDR204W	2488.0
YML110C	6234.0
YGL119W	2272.0
YLR201C	2971.0
YBL045C	13995.0
YNR075W	1500.0
YBR203W	174.0
YGL263W	1188.0
YNL336W	2046.0
YBR302C	1009.0
YML132W	639.0
YFL062W	224.0
YJR161C	163.0
YGR295C	3075.0
YDL248W	1103.0
YHL048W	2724.0
YKL219W	807.0
YOR316C	3101.0
YPL172C	0
YPL132W	1702.0
YLR038C	5348.0
YGL191W	4547.0
YML129C	2763.0
YER141W	6031.0
YJL003W	950.0
YGR062C	644.0
YLL018C-A	4007.0
Q0045	2440.0
YDR231C	2558.0
YHR116W	2305.0
YGL187C	9410.0
YNL052W	3670.0
YMR256C	4869.0
YLR395C	3613.0
YDL067C	6217.0
YKL179C	4591.0
YOR303W	9502.0
YGR247W	1864.0
YML078W	17217.0
YCR069W	1513.0
YJR032W	3345.0
YNR028W	2118.0
YJL172W	10500.0
YOR100C	603.0
YDL142C	699.0
YDR223W	0
YHR146W	11009.0
YLR213C	0
YNL247W	9429.0
YOL063C	374.0
YNL027W	2519.0
YLR241W	523.0
YNR010W	1895.0
YKL049C	2937.0
YLR087C	153.0
YBR036C	3749.0
YBR161W	1300.0
YMR025W	649.0
YOL007C	2174.0
YCR086W	2410.0
YIL132C	1182.0
YMR048W	1105.0
YDR179C	917.0
YPR030W	836.0
YIL169C	1579.0
YFR020W	1180.0
YOL159C	1150.0
YBR042C	1964.0
YIL036W	2514.0
YDR256C	1032.0
YMR094W	724.0
YMR078C	1921.0
YPL018W	1265.0
YLR381W	319.0
YPR135W	4261.0
YHR191C	1068.0
YDR151C	1730.0
YPL181W	2308.0
YKL139W	1879.0
YJL006C	1590.0
YML112W	2635.0
YMR180C	379.0
YHR109W	1608.0
YCR015C	1479.0
YBR291C	2068.0
YPR124W	4222.0
YHR175W	2463.0
YCR054C	2603.0
YOL145C	6036.0
YDR371W	1628.0
YKL090W	589.0
YGL110C	2561.0
YML101C	3359.0
YOR042W	5731.0
YGR003W	1039.0
YHR053C	2815.0
YHR055C	2394.0
YGL166W	1453.0
YPL177C	506.0
YMR240C	1830.0
YNL286W	1550.0
YNL155W	2645.0
YDR163W	2827.0
YDR482C	2120.0
YGR278W	2011.0
YGL128C	1647.0
YLR323C	1131.0
YNL245C	2041.0
YPL064C	1483.0
YDL209C	1829.0
YCR017C	2180.0
YKL096W	6791.0
YKL096W-A	52209.0
YOR037W	1354.0
YAL039C	2357.0
YDL117W	1515.0
YJL005W	3250.0
YGR155W	45620.0
YKL087C	1471.0
YDR016C	2459.0
YKR083C	2144.0
YBR233W-A	2282.0
YDR320C-A	3151.0
YML070W	19765.0
YFL053W	246.0
YIR027C	1465.0
YIR029W	297.0
YIR032C	1181.0
YIR028W	0
YJR152W	1617.0
YIR031C	818.0
YKR034W	0
YIR023W	1533.0
YNL314W	1148.0
YGR113W	1209.0
YJR151C	2844.0
YHR028C	3103.0
YJL149W	590.0
YDR020C	2826.0
YML113W	2776.0
YPR111W	2072.0
YDR052C	902.0
YDL031W	5504.0
YNL112W	21619.0
YGL078C	11233.0
YKR024C	2691.0
YHR169W	3310.0
YLR276C	5914.0
YKL149C	1493.0
YCL016C	1608.0
YHR144C	1510.0
YIR030C	1133.0
YLR422W	1281.0
YLR128W	850.0
YOL149W	3238.0
YNL118C	5739.0
YLR361C	1672.0
YLR270W	11214.0
YOR173W	6694.0
YFR012W	1166.0
YKL046C	4673.0
YPL194W	582.0
YER143W	3840.0
YFL061W	1146.0
YOR022C	657.0
YOL052C-A	2910.0
YMR173W	10661.0
YOR204W	25034.0
YKL054C	20936.0
YFL001W	2973.0
YAL013W	2408.0
YBR201W	522.0
YIL049W	650.0
YOR030W	1148.0
YMR238W	3152.0
YOR236W	2745.0
YOR245C	1431.0
YOR311C	3480.0
YKL121W	504.0
YKL078W	1758.0
YMR316W	1748.0
YOR080W	0
YDL024C	0
YHR011W	1246.0
YPR082C	1960.0
YLR348C	2896.0
YKR035W-A	5709.0
YGR227W	1357.0
YLR437C	2304.0
YDR480W	1332.0
YPL266W	3257.0
YPL265W	5961.0
YOL021C	4297.0
YDR403W	0
YIR004W	5619.0
YDL174C	7164.0
YEL071W	24138.0
YJL065C	2713.0
YMR126C	1200.0
YHR115C	1722.0
YNL116W	1743.0
YMR211W	948.0
YHR164C	911.0
YDR093W	2836.0
YMR162C	812.0
YOR005C	1577.0
YDR069C	1408.0
YGL240W	1360.0
YNL001W	4837.0
YDR273W	0
YDR141C	3198.0
YDR068W	3630.0
YDR440W	1310.0
YIL010W	2860.0
YER088C	3048.0
YJL090C	540.0
YPR175W	2091.0
YBR278W	1024.0
YDR121W	3148.0
YGL041W-A	3919.0
YPL107W	1963.0
YGR021W	2469.0
YKL065W-A	1579.0
YIL103W	2676.0
YKL191W	3129.0
YLR143W	2339.0
YOR114W	1193.0
YMR130W	3649.0
YJL133C-A	2482.0
YDR294C	4813.0
YLL018C	33156.0
YKR071C	4295.0
YGR093W	2297.0
YLL008W	5978.0
YAL026C	3187.0
YOL073C	1189.0
YOR223W	1295.0
YER124C	1189.0
YHR143W	1715.0
YOR264W	566.0
YEL070W	125.0
YBR007C	1607.0
YMR276W	6259.0
YNL258C	2675.0
YIR010W	1339.0
YMR287C	1400.0
YPR017C	1942.0
YGL043W	7193.0
YDL219W	4610.0
YOL087C	2821.0
YBR281C	3136.0
YNL191W	4218.0
YDL101C	1729.0
YGL061C	2746.0
YHL016C	541.0
YLR401C	3630.0
YLR405W	2149.0
YBR252W	5173.0
YDR370C	665.0
YKR054C	1163.0
YDR424C	5285.0
YMR299C	1018.0
YHR068W	14180.0
YDR359C	1346.0
YPR023C	2442.0
YEL018W	1430.0
YJR082C	1610.0
YNL136W	1270.0
YKL204W	4877.0
YMR171C	2046.0
YGR015C	1308.0
YDR206W	1368.0
YLR284C	1600.0
YGR146C	909.0
YEL030W	10764.0
YHR021W-A	1247.0
YBL001C	4609.0
YMR128W	4433.0
YDR125C	670.0
YLR390W	1798.0
YAL059W	4041.0
YLR228C	669.0
YPL021W	3422.0
YJL201W	3235.0
YJR106W	16.0
YBR065C	2306.0
YLR436C	1871.0
YBR176W	2680.0
YER176W	2507.0
YHL043W	1128.0
YLR299W	1841.0
YOR092W	551.0
YMR176W	276.0
YLR443W	14.0
YBR076W	1153.0
YKR004C	777.0
YFR027W	210.0
YGR007W	3546.0
YGL222C	2664.0
YER035W	4335.0
YEL015W	4028.0
YBL047C	12983.0
YPL095C	695.0
YHL039W	3327.0
YBR271W	1226.0
YJR129C	783.0
YIL064W	3752.0
YGR001C	6853.0
YNL024C	1448.0
YMR212C	3333.0
YDR385W	93385.0
YPL037C	46777.0
YIR007W	1452.0
YCR075W-A	15147.0
YNL327W	4803.0
YDR036C	4212.0
YBR177C	6878.0
YDR147W	1902.0
YNL230C	1272.0
YPL046C	1392.0
YKL160W	5354.0
YOR144C	1053.0
YKL048C	931.0
YJL196C	3658.0
YLR372W	11219.0
YPL086C	4751.0
YPL101W	2475.0
YMR312W	2443.0
YLR050C	1806.0
YCR100C	1381.0
YDR056C	5137.0
YCL045C	7726.0
YKL207W	3572.0
YGL231C	3893.0
YLL014W	2721.0
YLR186W	4943.0
YDR512C	1979.0
YLR080W	1818.0
YER140W	1562.0
YLR083C	5740.0
YDR040C	2891.0
YDR039C	2448.0
YDR038C	2154.0
YOL158C	176.0
YNL084C	4507.0
YGR254W	99031.0
YBR247C	6372.0
YGR145W	6039.0
YJR125C	9667.0
YDR153C	5591.0
YGR071C	883.0
YPL236C	1927.0
YOR246C	1634.0
YNL080C	937.0
YFL024C	1393.0
YMR124W	3212.0
YIL005W	4525.0
YHR123W	2842.0
YMR049C	9039.0
YHR032W	513.0
YDR414C	1134.0
YBL040C	11582.0
YLR246W	0
YHR007C	13032.0
YMR208W	5083.0
YML126C	33309.0
YJL167W	28718.0
YNL280C	3428.0
YGR060W	14371.0
YER044C	3244.0
YMR134W	2886.0
YMR202W	4243.0
YGL012W	4000.0
YMR015C	8338.0
YML008C	23127.0
YHR072W	3482.0
YMR220W	4868.0
YDL018C	3442.0
YOR016C	4267.0
YHR110W	1651.0
YGL002W	1022.0
YOR393W	1991.0
YMR323W	2151.0
YCR075C	0
YBR239C	713.0
YGL054C	7503.0
YBR210W	825.0
YML012W	13236.0
YGR284C	6567.0
YPR037C	2787.0
YML067C	4043.0
YOR244W	1772.0
YNL125C	2071.0
YDR363W	1263.0
YOL017W	776.0
YDR365C	5700.0
YNR054C	3490.0
YIL151C	749.0
YKR096W	643.0
YGR098C	707.0
YJR017C	5167.0
YLR233C	1203.0
YLR318W	1154.0
YIL009C-A	1792.0
YHL010C	835.0
YBR026C	9388.0
YOR051C	6756.0
YMR111C	238.0
YLR300W	6165.0
YDR261C	2727.0
YOR033C	140.0
YBR163W	1680.0
YJL085W	2434.0
YBR102C	2620.0
YDL121C	4979.0
YIL009W	4023.0
YFR019W	652.0
YDL045C	1855.0
YIL019W	2296.0
YDR021W	2203.0
YNL023C	1091.0
YDL166C	4401.0
YLR238W	454.0
YNL127W	1567.0
YJL157C	426.0
YMR052W	1540.0
YFR008W	1516.0
YPL231W	52956.0
YBR041W	4473.0
YKL187C	946.0
YER183C	2473.0
YKL060C	737009.0
YDR339C	2509.0
YLR051C	3410.0
YMR277W	2460.0
YER060W	994.0
YER056C	5492.0
YOR388C	1000.0
YMR144W	1563.0
YCR028C	2474.0
YBR101C	9196.0
YMR319C	627.0
YFL041W	4041.0
YOR390W	1032.0
YPL279C	1074.0
YPR104C	1926.0
YGR131W	1133.0
YNL325C	350.0
YDR130C	1027.0
YJR093C	2362.0
YER032W	1042.0
YOR382W	5744.0
YOR383C	3625.0
YIL131C	1771.0
YNL068C	1507.0
YMR306W	1106.0
YPL221W	3642.0
YAL053W	1797.0
YGL139W	1732.0
YAR050W	16097.0
YBR008C	2531.0
YIL134W	539.0
YIL098C	2038.0
YER182W	2572.0
YBR047W	2580.0
YLR077W	2152.0
YLR454W	1620.0
YPL103C	457.0
YFL046W	1023.0
YJL161W	1524.0
YPL222W	1824.0
YMR221C	2037.0
YKR049C	2775.0
YGR052W	1156.0
YMR020W	1386.0
YBL013W	1137.0
YDR110W	1687.0
YNL256W	3565.0
YMR113W	2609.0
YKR009C	266.0
YNR047W	2694.0
YNL135C	29826.0
YLR449W	9517.0
YLL043W	2264.0
YMR178W	6428.0
YEL047C	13630.0
YLR214W	1528.0
YNR060W	1141.0
YOR384W	2212.0
YLL051C	2026.0
YOL152W	120.0
YLR047C	814.0
YPL141C	1427.0
YCL026C-A	1214.0
YDR373W	2664.0
YOR324C	634.0
YAL028W	2156.0
YBR207W	4267.0
YER145C	5558.0
YCR076C	736.0
YBL042C	4648.0
YPL262W	14997.0
YAL022C	1519.0
YAL019W	3730.0
YBR021W	721.0
YCL027W	2383.0
YMR232W	3183.0
YBL016W	4800.0
YIL097W	784.0
YHR059W	2502.0
YCL058C	1345.0
YNL133C	2368.0
YLR068W	2451.0
YGR196C	3119.0
YGL254W	2120.0
YBR179C	1772.0
YLR088W	1932.0
YLR459W	1889.0
YOR178C	822.0
YOL051W	3123.0
YPL248C	755.0
YML051W	1153.0
YMR307W	23296.0
YMR215W	5101.0
YLR013W	1271.0
YCL011C	3171.0
YNL062C	3876.0
YOR260W	7227.0
YGR083C	7301.0
YDR211W	7882.0
YLR291C	5999.0
YER163C	1903.0
YGL195W	15455.0
YFR009W	13923.0
YDR283C	1548.0
YKR026C	4129.0
YEL009C	1648.0
YGR252W	2135.0
YPL075W	1002.0
YNL199C	1578.0
YDL226C	9068.0
YDR019C	11406.0
YAL044C	14067.0
YEL042W	7895.0
YPR184W	3532.0
YPL110C	2170.0
YOR355W	2134.0
YBR187W	1978.0
YJR031C	2076.0
YEL022W	3973.0
YJR040W	1005.0
YAL048C	1285.0
YOR205C	985.0
YHR100C	835.0
YLR091W	981.0
YGL057C	1920.0
YGL020C	5602.0
YER083C	3871.0
YMR255W	2830.0
YCL036W	704.0
YHR108W	6979.0
YHR061C	1464.0
YDR309C	1245.0
YGR066C	1190.0
YCL039W	1104.0
YMR135C	1784.0
YNL153C	7549.0
YEL003W	6857.0
YML094W	4963.0
YDR507C	3100.0
YER054C	1803.0
YPL137C	3789.0
YAL031C	1004.0
YDR152W	7474.0
YDR096W	2162.0
YNL255C	14474.0
YLR094C	1007.0
YML006C	1728.0
YER133W	14600.0
YPR109W	1575.0
YDL207W	1884.0
YER107C	3690.0
YKR058W	1487.0
YJL137C	1417.0
YER040W	1802.0
YOR168W	18548.0
YOR040W	1271.0
YDR506C	885.0
YLR445W	3071.0
YKR030W	1904.0
YFL017C	4091.0
YDR508C	11584.0
YOR320C	3835.0
YJL184W	2223.0
YNL274C	6837.0
YMR292W	3785.0
YHR005C	5057.0
YOR371C	1975.0
YAL056W	782.0
YGR149W	1436.0
YGL121C	6522.0
YGL142C	1209.0
YDR302W	5059.0
YMR281W	1370.0
YLL031C	2443.0
YJR013W	1395.0
YNL038W	15.0
YHR188C	4148.0
YDR434W	3489.0
YBR004C	123.0
YDR437W	1335.0
YGR216C	944.0
YPL076W	1474.0
YDR331W	2573.0
YKL152C	187918.0
YOL056W	3592.0
YOR262W	2644.0
YLR243W	2507.0
YER062C	14975.0
YDL035C	1153.0
YKL026C	2048.0
YLL035W	523.0
YDR517W	4576.0
YJR090C	780.0
YPR081C	2290.0
YDR513W	17817.0
YER174C	3878.0
YDL010W	2453.0
YGR032W	3030.0
YOL049W	7604.0
YJL103C	942.0
YLR293C	34197.0
YOR185C	4228.0
YDR221W	2547.0
YGR102C	1590.0
YGR154C	1332.0
YMR251W	912.0
YML121W	2620.0
YGR163W	2471.0
YGL181W	3323.0
YLL060C	1250.0
YEL017W	2336.0
YMR217W	34683.0
YLR289W	731.0
YDR454C	24575.0
YGL084C	2305.0
YPL189W	1311.0
YHL032C	861.0
YJL091C	3016.0
YOR070C	1514.0
YPL249C	3139.0
YJL044C	2212.0
YFL027C	580.0
YJL110C	1722.0
YPR008W	1845.0
YFL031W	5374.0
YPR005C	633.0
YOL089C	1074.0
YLR256W	1450.0
YGL237C	1685.0
YBL021C	1741.0
YKL109W	790.0
YOR358W	1379.0
YMR290C	11279.0
YPL001W	2339.0
YKR084C	3580.0
YJL033W	4854.0
YNL281W	12033.0
YCR065W	1160.0
YNL021W	2257.0
YDR295C	2332.0
YPR179C	1847.0
YNL014W	2742.0
YDR458C	2071.0
YKR017C	1027.0
YDR266C	3143.0
YDR047W	4391.0
YDR044W	5996.0
YER014W	5048.0
YOR176W	8079.0
YDR232W	5028.0
YDL119C	1054.0
YGL040C	8139.0
YDL205C	5529.0
YOR278W	2088.0
YOR227W	1262.0
YMR293C	1463.0
YOR237W	5884.0
YMR207C	433.0
YMR110C	4333.0
YPL254W	2988.0
YKR051W	377.0
YGL251C	1543.0
YNL030W	68836.0
YBR010W	13263.0
YNL031C	13263.0
YLL022C	3047.0
YDR317W	1254.0
YGR191W	2982.0
YBL008W	1109.0
YOR038C	1417.0
YJR140C	805.0
YFR025C	3257.0
YOR202W	1640.0
YIL020C	3375.0
YJR055W	1486.0
YDR420W	1783.0
YDR528W	1469.0
YER057C	19445.0
YML075C	4026.0
YLR450W	3501.0
YOL095C	671.0
YCL067C	388.0
YDR174W	13337.0
YCR097W	1183.0
YCR096C	176.0
YOR032C	571.0
YJR147W	2050.0
YBR034C	6151.0
YLR205C	1546.0
YGL077C	6073.0
YOR258W	724.0
YMR032W	658.0
YNR055C	1062.0
YER052C	15784.0
YJR139C	27970.0
YIL072W	1222.0
YMR251W-A	16542.0
YPR068C	861.0
YGL194C	2540.0
YPL116W	2170.0
YIL112W	1826.0
YKL084W	1527.0
YMR172W	573.0
YPR193C	818.0
YBR215W	1518.0
YOL155C	2913.0
YIL110W	2442.0
YDR138W	2556.0
YDR399W	10533.0
YNL004W	5191.0
YOL013C	1519.0
YLR207W	1891.0
YDR291W	727.0
YPL204W	5798.0
YOL133W	7964.0
YLR097C	1019.0
YMR186W	134828.0
YHL002W	2756.0
YGL073W	2222.0
YMR288W	2086.0
YOR319W	2397.0
YKL138C-A	1902.0
YKL101W	2116.0
YBR133C	1877.0
YBR272C	2276.0
YOR020C	25075.0
YFL014W	32928.0
YJL159W	11810.0
YCR021C	4500.0
YDR533C	6441.0
YPL280W	350.0
YOR391C	350.0
YLR259C	50754.0
YDR258C	7728.0
YOL068C	1277.0
YPL015C	3468.0
YOR025W	2148.0
YDR191W	1271.0
YGR223C	1063.0
YDR225W	14327.0
YBL003C	67315.0
YHR067W	972.0
YCR020W-B	5239.0
YPR033C	18532.0
YGR268C	1704.0
YOR284W	1384.0
YNR032C-A	4340.0
YML058W-A	2153.0
YGL141W	1516.0
YGL168W	1232.0
YPL244C	1725.0
YER039C	0
YFL011W	2622.0
YEL069C	1366.0
YDL245C	1370.0
YNR072W	1139.0
YHR094C	6830.0
YMR011W	3931.0
YDR345C	19445.0
YDR343C	25872.0
YDR342C	6150.0
YJL214W	623.0
YKL189W	1909.0
YEL034W	50245.0
YIR037W	10641.0
YOR126C	5186.0
YBL059W	1261.0
YJR122W	995.0
YNL164C	1665.0
YIL090W	2328.0
YER065C	899.0
YPR006C	1006.0
YER078C	2140.0
YBR157C	1356.0
YJL077C	1229.0
YLR099C	775.0
YMR195W	2622.0
YNL037C	12930.0
YOR136W	18982.0
YPL117C	12401.0
YDL066W	23120.0
YJL146W	2178.0
YFL013C	2723.0
YNL215W	2593.0
YLR052W	3501.0
YER092W	3003.0
YEL044W	3753.0
YBR159W	9586.0
YLR223C	1958.0
YOL023W	1403.0
YNL157W	4219.0
YHR132W-A	3781.0
YLR384C	7200.0
YJL057C	457.0
YJR118C	1600.0
YDR090C	2550.0
YER086W	12010.0
YGR287C	556.0
YOL157C	4575.0
YIL172C	166.0
YJL216C	1299.0
YHR216W	7789.0
YJR094C	1227.0
YJL106W	538.0
YGL192W	1246.0
YCR071C	2797.0
YLR309C	3491.0
YJR138W	1195.0
YJL082W	4208.0
YBR107C	1671.0
YGR031W	3434.0
YMR150C	1395.0
YMR035W	3111.0
YIL154C	1972.0
YHR148W	3952.0
YPL099C	2479.0
YLR413W	7748.0
YIR024C	1556.0
YDL181W	4583.0
YHR046C	2949.0
YDR287W	2013.0
YNL152W	1728.0
YJL153C	2718.0
YDR123C	2146.0
YOL108C	915.0
YGL150C	2976.0
YMR204C	1060.0
YMR163C	1323.0
YIL002C	1169.0
YNL106C	1528.0
YOL065C	1422.0
YLR095C	2114.0
YFR013W	2190.0
YMR044W	2174.0
YJR141W	723.0
YHR085W	2989.0
YNL182C	6001.0
YDR315C	1345.0
YPL209C	639.0
YBR011C	42812.0
YDR072C	1446.0
YPL242C	289.0
YBR140C	1512.0
YOL081W	1537.0
YOL015W	1156.0
YPL017C	1446.0
YJL037W	11046.0
YLL033W	377.0
YLR247C	558.0
YMR073C	2564.0
YEL001C	6655.0
YOR044W	3208.0
YLR021W	1820.0
YDR332W	218.0
YDR540C	403.0
YFR038W	1444.0
YFR043C	778.0
YFR055W	1875.0
YJL051W	1285.0
YHR079C	267.0
YIL026C	2376.0
YKR019C	606.0
YLL027W	1070.0
YPR067W	2544.0
YER180C	1138.0
YER019W	2158.0
YMR081C	1381.0
YPL040C	1345.0
YOR155C	3377.0
YPR106W	849.0
YNL265C	3118.0
YIR005W	987.0
YOR226C	4167.0
YBR245C	3806.0
YOR304W	2705.0
YJR050W	1737.0
YGL133W	2312.0
YOL103W	1643.0
YML068W	846.0
YDR229W	3099.0
YDL115C	2056.0
YKL032C	3621.0
YDR492W	1515.0
YOL002C	1117.0
YLR023C	592.0
YOL101C	1867.0
YGL018C	2464.0
YKL217W	836.0
YER051W	494.0
YJR119C	814.0
YPR061C	414.0
YPR169W	3955.0
YNL227C	1973.0
YJL162C	542.0
YJR097W	2010.0
YLL057C	573.0
YMR132C	1700.0
YMR294W	1110.0
YKR038C	3573.0
YGL241W	2046.0
YPL125W	3260.0
YGL016W	3347.0
YNL188W	1504.0
YCL055W	1873.0
YPL269W	728.0
YCL024W	1755.0
YJR054W	538.0
YDR017C	2809.0
YKL161C	2578.0
YFR042W	1699.0
YDR367W	3614.0
YHR158C	4545.0
YGR238C	973.0
YPL263C	5793.0
YGL203C	4661.0
YNL238W	1877.0
YIL125W	11221.0
YJL094C	512.0
YHR102W	1821.0
YDR122W	2543.0
YDL108W	2151.0
YLR096W	2337.0
YAR018C	856.0
YOR233W	1740.0
YCR091W	836.0
YBL063W	910.0
YPL155C	1170.0
YGL216W	736.0
YKL168C	1091.0
YHR186C	1729.0
YNL322C	8782.0
YDR532C	1745.0
YER038C	273.0
YNL132W	7124.0
YOR336W	2635.0
YJL174W	3161.0
YNL024C-A	2528.0
YHR082C	2690.0
YGR040W	3013.0
YBL071W-A	8955.0
YKR061W	400.0
YBR199W	5094.0
YNL029C	523.0
YPL053C	3315.0
YIL085C	2040.0
YGL079W	1697.0
YBL010C	1403.0
YKL008C	3956.0
YHL003C	4848.0
YOL025W	1004.0
YHR155W	1167.0
YHR080C	940.0
YFL042C	1032.0
YLR072W	1118.0
YNL045W	5528.0
YOR181W	2743.0
YKR063C	1261.0
YJL062W	2233.0
YNL071W	6585.0
YMR296C	9391.0
YJL134W	1349.0
YOR171C	3101.0
YDR499W	1000.0
YGL085W	1473.0
YER127W	1430.0
YCL005W	1467.0
YDL146W	838.0
YOR322C	1299.0
YBL006C	2261.0
YBR204C	1629.0
YMR148W	3383.0
YMR147W	2077.0
YOL047C	823.0
YPL213W	3361.0
YNL323W	2978.0
YOR123C	4325.0
YLR451W	299.0
YHR002W	2281.0
YPL055C	2419.0
YDL051W	8346.0
YGL090W	463.0
YJR107W	1215.0
YHR156C	811.0
YMR298W	2975.0
YLR239C	1229.0
YOR196C	3986.0
YLL007C	1081.0
YHR192W	3393.0
YKL205W	3080.0
YKL183W	2203.0
YLR011W	1953.0
YFL018C	23937.0
YOR059C	1035.0
YDR503C	1054.0
YOR084W	2891.0
YCL051W	1481.0
YDL240W	1355.0
YNR008W	2021.0
YHR081W	4725.0
YDR439W	1441.0
YCL034W	3709.0
YJL100W	467.0
YOR142W	16382.0
YGR244C	13149.0
YGL099W	6151.0
YJL124C	5002.0
YBL026W	6485.0
YLR438C-A	8861.0
YER146W	6156.0
YDR378C	8894.0
YNL147W	7422.0
YJR022W	1903.0
YKL176C	446.0
YGR057C	916.0
YNL006W	2208.0
YAL024C	1573.0
YNL260C	784.0
YPR073C	3698.0
YKL143W	3907.0
YDL087C	1994.0
YLR352W	322.0
YNL268W	3806.0
YIL094C	12211.0
YDR034C	1667.0
YGL154C	1008.0
YMR021C	759.0
YGL086W	2131.0
YJL030W	1874.0
YJL013C	944.0
YDR005C	1720.0
YLR427W	1601.0
YEL053C	1809.0
YKL021C	4179.0
YDR060W	7462.0
YCR020C-A	2140.0
YCR019W	929.0
YPR051W	2936.0
YBR142W	4357.0
YGR289C	7677.0
YGR292W	3173.0
YGR288W	302.0
YBR299W	1140.0
YBR297W	19.0
YER106W	1132.0
YNR073C	0
YLR244C	14218.0
YBL091C	6162.0
YLR163C	4095.0
YCR040W	1129.0
YCR039C	333.0
YPR153W	1509.0
YBR185C	2562.0
YJL199C	3600.0
YDL056W	1394.0
YKL093W	2898.0
YDL003W	2134.0
YDL054C	1575.0
YKL221W	0
YOL119C	317.0
YOR306C	0
YNL307C	8487.0
YIL150C	1536.0
YPR046W	876.0
YMR043W	3789.0
YDR318W	952.0
YJR135C	1030.0
YPR019W	4076.0
YLR274W	3825.0
YKL018C-A	1772.0
YHL018W	1491.0
YGR053C	659.0
YJL127C-B	7831.0
YPL109C	1059.0
YIL156W-B	6503.0
YOR228C	0
YLR253W	1600.0
YKL150W	17331.0
YOR221C	2706.0
YBR227C	3563.0
YGR012W	4318.0
YJR024C	4007.0
YKL085W	20985.0
YDL078C	9783.0
YNL328C	802.0
YLR188W	1582.0
YAL010C	1279.0
YOL009C	1070.0
YML104C	1274.0
YOL076W	5693.0
YLR368W	271.0
YHR194W	1178.0
YOR147W	1638.0
YGL219C	1133.0
YKL053C-A	3391.0
YPR083W	1156.0
YOL027C	6360.0
YGR100W	2611.0
YJL112W	2355.0
YBR136W	224.0
YLR288C	213.0
YMR112C	2980.0
YPR070W	2954.0
YDL005C	2969.0
YOR174W	1992.0
YHR058C	3345.0
YOL135C	2473.0
YJL102W	1432.0
YKR007W	4834.0
YPL121C	0
YBR126W-A	5728.0
YGR121C	1926.0
YNL142W	2515.0
YPR138C	3135.0
YGR264C	29753.0
YPL023C	5122.0
YKL001C	4796.0
YLR303W	38332.0
YIL128W	2841.0
YOL064C	9974.0
YIR017C	1336.0
YNL277W	4420.0
YIL046W	682.0
YPL038W	988.0
YDR253C	432.0
YJR010W	7313.0
YNL103W	1907.0
YJR137C	6101.0
YOR241W	6591.0
YBR213W	2123.0
YPL169C	6514.0
YDR461W	26175.0
YNL145W	1688.0
YPL187W	3263.0
YGL089C	1636.0
YDR219C	1690.0
YDL233W	1010.0
YPL060W	396.0
YML062C	3969.0
YGR249W	583.0
YIR033W	1339.0
YMR210W	1520.0
YJR144W	8649.0
YOR211C	4269.0
YDR286C	1302.0
YCL044C	2779.0
YMR115W	2329.0
YNL218W	894.0
YDL200C	704.0
YOL086W-A	4206.0
YDL160C-A	1901.0
YJL042W	2969.0
YDR296W	4490.0
YCL057C-A	2946.0
YBR262C	3234.0
YNL291C	2064.0
YLR332W	2769.0
YKL089W	1224.0
YGL035C	2001.0
YGL209W	2274.0
YER028C	1618.0
YMR036C	1261.0
YFL034W	1520.0
YOL026C	1142.0
YLR099W-A	1334.0
YML007C-A	3831.0
YKL023C-A	636.0
YOR330C	562.0
YHR015W	99.0
YEL007W	3324.0
YDR031W	3705.0
YMR002W	9816.0
YBL107C	1506.0
YDR144C	1153.0
YOR231W	1269.0
YPL140C	1866.0
YNL076W	1914.0
YNL085W	4097.0
YPR188C	4415.0
YNL074C	1893.0
YMR167W	1412.0
YLR035C	420.0
YPL164C	220.0
YJR039W	709.0
YMR252C	803.0
YLR049C	259.0
YNL117W	8647.0
YMR166C	1351.0
YLL006W	1836.0
YKL044W	1166.0
YLL061W	669.0
YLR190W	1458.0
YPR164W	846.0
YEL019C	2206.0
YLR320W	406.0
YGL087C	4707.0
YBR098W	545.0
YMR177W	1217.0
YPL224C	797.0
YGL183C	1216.0
YIR025W	8.0
YOR350C	1019.0
YHR204W	1082.0
YLR057W	1459.0
YDR245W	3189.0
YJR061W	596.0
YER001W	2868.0
YKL201C	740.0
YJL186W	4859.0
YKL064W	1506.0
YJR131W	2309.0
YGL257C	562.0
YIL014W	1463.0
YNR059W	252.0
YIL106W	2479.0
YFL034C-B	2203.0
YOR274W	2196.0
YJR074W	3551.0
YBL049W	1176.0
YGL124C	1110.0
YNL297C	2797.0
YPL082C	4935.0
YER068W	4967.0
YMR070W	2570.0
YNL249C	854.0
YGL080W	2721.0
YHR162W	4045.0
YGR243W	1864.0
YOR177C	1127.0
YKL059C	2392.0
YIR002C	948.0
YDL247W	9695.0
YJL066C	3418.0
YGL010W	2107.0
YJR002W	8228.0
YNR024W	2210.0
YDL028C	536.0
YGL075C	776.0
YJL019W	2239.0
YGL178W	2316.0
YCL061C	1302.0
YPR112C	4575.0
YMR224C	888.0
YGL143C	959.0
YGL064C	1048.0
YPR118W	7883.0
YDL079C	4699.0
YPR079W	2115.0
YOR201C	2056.0
YGL136C	453.0
YPL184C	4652.0
YDL045W-A	1646.0
YKL003C	1261.0
YDR405W	3058.0
YBL090W	1662.0
YPR166C	1756.0
YKL167C	3534.0
YHL004W	3969.0
YLR312W-A	4427.0
YBL038W	2185.0
YNL252C	5114.0
YKR085C	3181.0
YNL177C	3277.0
YOR150W	3609.0
YMR193W	3176.0
YBR282W	2302.0
YKL138C	2522.0
YCR003W	4077.0
YMR286W	3405.0
YBR268W	2780.0
YML009C	2555.0
YPL173W	4845.0
YLR439W	3546.0
YNR022C	3934.0
YPR100W	3305.0
YHR147C	3688.0
YGR220C	3043.0
YNR036C	3391.0
YPL013C	2861.0
YMR188C	3609.0
YNL306W	3710.0
YDR337W	4063.0
YGR165W	3533.0
YMR158W	3622.0
YOR334W	738.0
YJL133W	1462.0
YKR052C	1340.0
YKL009W	11173.0
YDR282C	339.0
YPL041C	591.0
YJR003C	3184.0
YDR115W	1259.0
YNR040W	2724.0
YDR132C	753.0
YER077C	722.0
YPL168W	890.0
YNL295W	1045.0
YNL211C	842.0
YDL027C	1348.0
YOR066W	981.0
YKR077W	1436.0
YOR188W	1616.0
YNL293W	1015.0
YOL112W	1059.0
YDR205W	1425.0
YLR219W	2767.0
YHR039C	5727.0
YOL033W	1457.0
YPR047W	1638.0
YNL053W	1702.0
YHR120W	943.0
YOL090W	3191.0
YCR092C	1108.0
YFL003C	952.0
YDR097C	2793.0
YBR195C	2018.0
YNL073W	1987.0
YIR009W	1462.0
YLR116W	2580.0
YGR171C	1436.0
YOL116W	612.0
YMR037C	2327.0
YKL062W	3334.0
YNR049C	1901.0
YGR028W	2114.0
YHR091C	1358.0
YMR164C	490.0
YPR134W	861.0
YMR023C	584.0
YDL107W	736.0
YDR208W	1925.0
YLR203C	6252.0
YKL194C	1727.0
YGL051W	1163.0
YAR033W	1401.0
YDR268W	2482.0
YPL097W	1750.0
YKL098W	396.0
YGL226W	1302.0
YBR255W	776.0
YDR128W	556.0
YHR151C	1518.0
YEL033W	1405.0
YGR042W	951.0
YMR228W	2799.0
YDL044C	1992.0
YMR097C	1665.0
YHR168W	497.0
YDR277C	3589.0
YGR023W	1382.0
YGR257C	1241.0
YGL236C	1056.0
YNL063W	490.0
YDR140W	1689.0
YOR160W	2988.0
YKL186C	5085.0
YGR158C	4067.0
YAL034W-A	2610.0
YMR100W	193.0
YBR119W	1664.0
YKL074C	2794.0
YPL070W	2038.0
YBR057C	3186.0
YGR055W	4102.0
YHL036W	1458.0
YDR386W	576.0
YNR043W	16570.0
YMR004W	2587.0
YCL033C	2728.0
YHR023W	2082.0
YOR326W	6007.0
YKL129C	4361.0
YAL029C	3007.0
YMR109W	5766.0
YDR493W	2495.0
YGL122C	8716.0
YNL124W	2209.0
YHR086W	2716.0
YNL137C	3915.0
YPL126W	6560.0
YKR048C	12358.0
YNL240C	1457.0
YIL007C	2290.0
YGR232W	6374.0
YDL040C	8398.0
YGR147C	2912.0
YPR131C	1865.0
YMR069W	1792.0
YOR253W	5530.0
YOL070C	3091.0
YHR199C-A	3134.0
YLR457C	1460.0
YDR162C	2478.0
YGL091C	2167.0
YPR155C	2111.0
YDR397C	5479.0
YJL205C	1226.0
YNL036W	6736.0
YHR042W	12180.0
YPL006W	1907.0
YNL119W	2432.0
YGL211W	2803.0
YMR122W-A	8070.0
YLR194C	2199.0
YML031W	4097.0
YIL144W	1825.0
YOR372C	511.0
YMR145C	9235.0
YDL085W	1186.0
YML120C	7696.0
YOL104C	0
YLR254C	1756.0
YHR124W	441.0
YLR265C	787.0
YHR035W	450.0
YHR004C	1036.0
YIL048W	2491.0
YJL076W	5204.0
YOR156C	755.0
YKR103W	1599.0
YKL040C	7392.0
YDR176W	2457.0
YOL042W	1804.0
YMR285C	3570.0
YML118W	545.0
YBR212W	3267.0
YLR138W	1641.0
YDL002C	3015.0
YPR052C	14762.0
YDR456W	2365.0
YFR002W	4862.0
YPL174C	268.0
YPL211W	8288.0
YNL078W	701.0
YIL164C	1135.0
YLR351C	4510.0
YDR383C	2589.0
YLR315W	2208.0
YNL123W	4177.0
YGR010W	2227.0
YHR077C	2350.0
YLR363C	3829.0
YJR132W	2978.0
YLR195C	7063.0
YJR112W	2315.0
YGR089W	2047.0
YKL171W	623.0
YNL200C	4615.0
YLR285W	4895.0
YOR056C	4495.0
YLR002C	5039.0
YPR144C	3589.0
YPL093W	13652.0
YNR053C	8743.0
YHR072W-A	12139.0
YOL041C	7150.0
YNL175C	6347.0
YDL148C	7095.0
YNL110C	7341.0
YER002W	7032.0
YGR251W	2880.0
YDL014W	24153.0
YNL061W	12109.0
YPL043W	5837.0
YPL146C	5251.0
YGR103W	9270.0
YOL144W	4135.0
YJL010C	3745.0
YIL038C	4756.0
YPR072W	5460.0
YJR072C	5354.0
YDL046W	2840.0
YDR432W	34936.0
YBR170C	4566.0
YCR026C	1705.0
YEL062W	1643.0
YHL023C	1165.0
YGL067W	2760.0
YGR043C	4613.0
YNL251C	6882.0
YDR043C	1323.0
YBR066C	1086.0
YNL129W	2517.0
YNR009W	936.0
YDL167C	2785.0
YOR071C	345.0
YGL111W	4693.0
YER126C	9663.0
YLR007W	750.0
YDR288W	1898.0
YDL105W	892.0
YML023C	1397.0
YHR133C	4669.0
YNL156C	3075.0
YDR026C	898.0
YPL233W	2535.0
YGR159C	16609.0
YNL091W	2300.0
YJR062C	2784.0
YBR188C	2015.0
YML059C	2268.0
YER009W	23607.0
YAL015C	1154.0
YOL043C	90.0
YDR001C	5020.0
YBR001C	1382.0
YPR031W	560.0
YKR022C	1443.0
YOR373W	1638.0
YOL069W	2429.0
YDR150W	3679.0
YKL068W	3667.0
YKL057C	2270.0
YKR082W	5120.0
YGL092W	5564.0
YER105C	3875.0
YBL079W	3441.0
YML103C	4820.0
YJL039C	3107.0
YOR098C	3690.0
YLR335W	6974.0
YDR192C	1419.0
YGL172W	4241.0
YMR153W	3648.0
YGR119C	7048.0
YDL116W	4730.0
YJR042W	4095.0
YDL089W	1165.0
YDL193W	3711.0
YGL151W	2737.0
YPR168W	2953.0
YHR195W	2583.0
YPR091C	4261.0
YDR179W-A	259.0
YLR093C	3481.0
YAL051W	744.0
YKR064W	326.0
YKL055C	1760.0
YPL052W	656.0
YNL056W	2579.0
YCR095C	1715.0
YHL029C	3012.0
YGL038C	2243.0
YKL134C	1857.0
YML060W	2369.0
YGR179C	1586.0
YGL055W	9355.0
Q0130	634.0
YIL136W	6786.0
YKR087C	1921.0
YDR316W	1768.0
YOL032W	2941.0
YHL020C	2525.0
YJL212C	867.0
YPR194C	1688.0
YBR129C	2423.0
YPR075C	1873.0
YML065W	1449.0
YBR060C	1645.0
YLL004W	1081.0
YPR162C	1752.0
YNL261W	1986.0
YHR118C	1952.0
YGR038W	3379.0
YLR350W	3593.0
YDL019C	2981.0
YHR073W	2700.0
YOR103C	3771.0
YOR085W	4142.0
YDL232W	14004.0
YGL226C-A	2809.0
YML019W	1800.0
YFR039C	1501.0
YHL013C	3598.0
YKL215C	3801.0
YPL171C	1672.0
YDR071C	20526.0
YER165W	62422.0
YDR488C	752.0
YOR269W	1143.0
YER007W	581.0
YDR538W	1396.0
YBR279W	5232.0
YMR165C	2607.0
YDR348C	3893.0
YJL104W	5256.0
YDR251W	4246.0
YIR006C	9763.0
YGL094C	1449.0
YKL025C	2837.0
YHR063C	8372.0
YIL145C	4833.0
YKR002W	4008.0
YOL115W	2659.0
YCR077C	4917.0
YGR294W	0
YLL025W	1323.0
YMR325W	1193.0
YJL223C	1190.0
YOL161C	1829.0
YOR394W	3088.0
YPL282C	1247.0
YLR037C	1241.0
YBR301W	0
YCR104W	0
YPL272C	1542.0
YCL052C	2241.0
YGR178C	6358.0
YBR233W	1476.0
YNL181W	3562.0
YBR094W	3021.0
YKR095W-A	5416.0
YLR151C	832.0
YDR228C	2800.0
YIL071C	523.0
YGL134W	1131.0
YNL289W	1143.0
YDL127W	2847.0
YHR071W	1457.0
YER059W	2317.0
YIL050W	2374.0
YPL219W	953.0
YDL179W	1061.0
YGR101W	927.0
YGR202C	3089.0
YBR221C	14403.0
YLR044C	581219.0
YDR081C	1938.0
YLR134W	7208.0
YGR087C	2945.0
YGL248W	2055.0
YOR360C	2820.0
YPR002W	1680.0
YMR087W	1537.0
YLR455W	3177.0
YOR328W	1078.0
YIL013C	1282.0
YDR406W	2838.0
YNL231C	12084.0
YNL264C	4398.0
YGL013C	1597.0
YBL005W	225.0
YOR153W	10371.0
YLR266C	1134.0
YDR113C	951.0
YMR076C	2977.0
YBR035C	14922.0
YER149C	2159.0
YGR058W	1627.0
YOR036W	1715.0
YLR148W	2308.0
YMR231W	2031.0
YDR323C	768.0
YJL053W	2613.0
YCR044C	2715.0
YLR064W	4629.0
YFR023W	1190.0
YDR079W	1499.0
YMR257C	538.0
YBL080C	1263.0
YER058W	1983.0
YER153C	468.0
YOR017W	1451.0
YJL023C	721.0
YCR020C	3008.0
YJR034W	3183.0
YPL159C	7.0
YLR067C	271.0
YNR045W	450.0
YGR222W	1282.0
YNL003C	1589.0
YDR265W	707.0
YOL147C	2836.0
YMR026C	1241.0
YLR191W	1631.0
YOL044W	1546.0
YNL214W	1431.0
YHR160C	1564.0
YKL197C	2041.0
YGR239C	2268.0
YAL055W	1391.0
YPL112C	3473.0
YOR193W	451.0
YHR150W	308.0
YDR479C	1842.0
YJL210W	506.0
YLR324W	3505.0
YGR004W	831.0
YBR168W	598.0
YCL056C	1465.0
YGR168C	0
YDR329C	1583.0
YDR244W	1677.0
YNL329C	1594.0
YDR142C	645.0
YGR077C	951.0
YNL326C	1701.0
YOL003C	1468.0
YDR459C	0
YBR074W	3347.0
YGR240C	77963.0
YIL107C	1261.0
YOL136C	2410.0
YMR205C	50861.0
YHR185C	1249.0
YNL317W	2467.0
YDR306C	1386.0
YOR122C	22053.0
YNL158W	3789.0
YNL149C	6491.0
YML125C	8103.0
YPL206C	3265.0
YGL025C	2364.0
YBR196C	158738.0
YCR012W	535389.0
YKL127W	7371.0
YMR105C	21225.0
YCL004W	313.0
YJR153W	2578.0
YNL316C	2705.0
YKL043W	1267.0
YOL084W	1076.0
YER037W	1259.0
YHR215W	6570.0
YNL097C	1688.0
YFR034C	2560.0
YOL001W	302.0
YML123C	5213.0
YCR037C	1197.0
YBR296C	2160.0
YDR481C	3505.0
YJL198W	2508.0
YNR013C	4280.0
YOR386W	967.0
YJL097W	5134.0
YDR313C	1449.0
YER053C	2713.0
YML061C	1366.0
YLR273C	0
YIL045W	1259.0
YHR034C	2835.0
YNL267W	2603.0
YOR104W	1887.0
YBL051C	4817.0
YOR363C	1148.0
YKL164C	3256.0
YKL163W	895.0
YPR113W	4717.0
YBL105C	2386.0
YDR490C	1767.0
YOL100W	515.0
YDR466W	676.0
YIL042C	2054.0
YMR123W	7210.0
YMR006C	1458.0
YOL011W	1564.0
YPL268W	188.0
YDR501W	436.0
YKR046C	6304.0
YDR183W	1565.0
YOR281C	5008.0
YGL008C	40732.0
YGL006W	3371.0
YER132C	1330.0
YLR016C	1564.0
YML107C	1357.0
YCR024C-A	69604.0
YEL017C-A	61354.0
YDR276C	23654.0
YGL167C	7303.0
YNL082W	648.0
YAL023C	5005.0
YOR321W	2478.0
YJR143C	3728.0
YDL093W	606.0
YGR199W	1134.0
YDR307W	2230.0
YPL096W	2501.0
YOR145C	3896.0
YLR209C	5220.0
YOR161C	1274.0
YOR266W	1460.0
YBR022W	1827.0
YML069W	10154.0
YPL144W	2060.0
YCL047C	2785.0
YIL122W	1014.0
YBL035C	2511.0
YNL102W	2368.0
YNL262W	3153.0
YBR088C	20407.0
YJR043C	1363.0
YDL102W	3354.0
YCR014C	589.0
YEL055C	4297.0
YMR129W	5192.0
YLL023C	3588.0
YLR018C	4027.0
YNL221C	1705.0
YNR052C	3067.0
YNL282W	2017.0
YBR257W	1878.0
YAL033W	3479.0
YGR030C	2638.0
YBR167C	1631.0
YBL018C	2523.0
YIL114C	2132.0
YPL188W	3469.0
YGL205W	2489.0
YHR075C	1259.0
YNR032W	1284.0
YDL134C	3736.0
YDL188C	3949.0
YDR075W	1731.0
YDR435C	2046.0
YOL141W	1887.0
YNL217W	1181.0
YPL179W	377.0
YLR014C	317.0
YBR276C	542.0
YPL148C	486.0
YHR201C	6255.0
YML016C	3486.0
YDR436W	813.0
YCL057W	8231.0
YER012W	13312.0
YML092C	20654.0
YGR135W	17201.0
YIR008C	5743.0
YKL045W	2390.0
YIL095W	1968.0
YMR278W	5217.0
YNL279W	1173.0
YIL037C	2511.0
YPL192C	11888.0
YPL156C	925.0
YIL117C	1973.0
YGL053W	1445.0
YAR031W	1049.0
YDR300C	8992.0
YER023W	21268.0
YDL043C	2349.0
YKR086W	810.0
YGR006W	1152.0
YLL036C	3059.0
YJL203W	2240.0
YER013W	1099.0
YMR268C	1688.0
YDR243C	1874.0
YNR011C	1388.0
YGR091W	1444.0
YGR075C	2380.0
YML046W	2723.0
YDR473C	1582.0
YKL012W	1656.0
YDR235W	1895.0
YGL120C	8312.0
YAL032C	1792.0
YPL151C	1793.0
YPR178W	1611.0
YBR237W	1034.0
YBR055C	1975.0
YHR165C	1905.0
YDL030W	1355.0
YKL116C	1998.0
YDL214C	0
YER099C	3512.0
YHL011C	10069.0
YBL068W	6454.0
YOL061W	9265.0
YOR361C	26937.0
YBL064C	8062.0
YJL078C	4887.0
YGR170W	945.0
YDR013W	1132.0
YJL072C	2392.0
YOL146W	1612.0
YKL077W	5219.0
YOL054W	2067.0
YAL017W	2513.0
YOL045W	2166.0
YMR137C	595.0
YML017W	5027.0
YLL010C	2317.0
YLR019W	2086.0
YDR032C	14727.0
YNL201C	2809.0
YLR376C	1258.0
YBL046W	2455.0
YAL043C	2822.0
YDL006W	1520.0
YER089C	6912.0
YBL056W	7522.0
YBR125C	998.0
YCR079W	1350.0
YHR076W	6763.0
YHR189W	911.0
YBL057C	3970.0
YOL114C	619.0
YGR156W	3371.0
YKL198C	844.0
YJR059W	4160.0
YKL039W	3185.0
YDL230W	2394.0
YOR208W	231.0
YER075C	1443.0
YKR093W	2551.0
YFR029W	371.0
YNL016W	22861.0
YPR042C	2136.0
YLL013C	4302.0
YER185W	2774.0
YNR062C	1709.0
YNR063W	18.0
YLR414C	4630.0
YOR157C	11679.0
YGL063W	5.0
YLR165C	0
YGR169C	1044.0
YDL036C	1727.0
YLR142W	443.0
YKL015W	1609.0
YOR348C	407.0
YLR196W	12030.0
YCR057C	4630.0
YPL147W	1192.0
YKL188C	881.0
YKR090W	2203.0
YEL020C	1043.0
YGR280C	3881.0
YPR186C	1455.0
YHR001W-A	4284.0
YDR529C	13267.0
YJL166W	4274.0
YGR183C	5075.0
YIL121W	2985.0
YBR043C	1624.0
YHR074W	5436.0
YDL103C	6707.0
YLR204W	1275.0
YDL104C	712.0
YML095C	1415.0
YMR201C	1030.0
YBR114W	353.0
YOR368W	490.0
YCR066W	623.0
YPL022W	753.0
YEL037C	6615.0
YER173W	752.0
YJR035W	1003.0
YGR258C	860.0
YDR419W	756.0
YML011C	1162.0
YDR314C	114.0
YER171W	2505.0
YER162C	870.0
YER095W	6070.0
YML032C	2164.0
YPL153C	1533.0
YGL163C	782.0
YDR076W	854.0
YDR004W	1157.0
YDL059C	1140.0
YLR032W	1520.0
YDR014W	848.0
YGL058W	6280.0
YJR052W	963.0
YDR217C	1279.0
R0030W	6224.0
YGL246C	3843.0
YDL090C	1972.0
YKL019W	2080.0
YNL216W	4389.0
YOR101W	2813.0
YOR048C	3466.0
YJR033C	2009.0
YDR202C	2030.0
YOR301W	1045.0
YLR084C	1909.0
YDR527W	2602.0
YPL246C	7085.0
YGR173W	8578.0
YJL181W	693.0
YCR036W	3462.0
YOR265W	5425.0
YDL189W	2254.0
YML030W	1955.0
YNR018W	3444.0
YBR255C-A	1990.0
YMR034C	0
YIL077C	1798.0
YKL133C	535.0
YGL158W	0
YLR248W	5272.0
YOL010W	5699.0
YNL022C	1539.0
YKL159C	1158.0
YMR075W	2005.0
YBR005W	2610.0
YDR003W	2217.0
YJL204C	2268.0
YBR073W	2522.0
YDL135C	7184.0
YOR286W	6888.0
YOR380W	952.0
YCR106W	599.0
YPL133C	799.0
YPR094W	1651.0
YLR106C	3876.0
YBR049C	5582.0
YHR157W	1179.0
YJR021C	362.0
YLR263W	1255.0
YDR195W	3264.0
YBR050C	1143.0
YBR267W	4511.0
R0020C	3891.0
R0040C	5877.0
YCL001W	2957.0
YBR002C	2889.0
YOR207C	4680.0
YFR051C	10752.0
YOR346W	1282.0
YPL167C	1454.0
YIL139C	1230.0
YLR059C	5064.0
YLR107W	627.0
YOL080C	3192.0
YAR007C	7948.0
YJL173C	6304.0
YOR217W	3902.0
YBR087W	4728.0
YOR279C	1201.0
YBL020W	1191.0
YLR073C	1346.0
YLR176C	779.0
YOR127W	1328.0
YDR379W	1830.0
YPR115W	1512.0
YBR260C	3484.0
YFL047W	2859.0
YER067W	8450.0
YIL057C	3498.0
YPL066W	2258.0
YMR182C	1601.0
YDR137W	1630.0
YLR071C	1989.0
YOR107W	1417.0
YKL038W	520.0
YDL138W	1252.0
YCR027C	2228.0
YPR165W	12816.0
YNL090W	3141.0
YIL118W	9410.0
YKR055W	1583.0
YNL180C	4546.0
YOL066C	2071.0
YDR487C	14322.0
YBR153W	984.0
YLR039C	1350.0
YBR275C	1315.0
YLR453C	976.0
YHL027W	1603.0
YMR139W	2795.0
YMR154C	432.0
YFL033C	1302.0
YCR028C-A	10820.0
YOR275C	2294.0
YNL294C	348.0
YHL024W	1539.0
YGL045W	784.0
YMR063W	1227.0
YOR119C	2350.0
YMR283C	1472.0
YHR197W	3911.0
YPL208W	2672.0
YDR198C	583.0
YBR030W	2322.0
YDR257C	3686.0
YLR137W	940.0
YMR247C	2558.0
YPR018W	3290.0
YDR091C	16040.0
YPL089C	710.0
YLR009W	5239.0
YNL002C	8065.0
YKL132C	787.0
YDL001W	1782.0
YDR255C	1206.0
YEL072W	636.0
YFR048W	1106.0
YGR044C	1441.0
YPL024W	1471.0
YEL050C	1614.0
YLR145W	1201.0
YDR465C	3460.0
YMR235C	18167.0
YMR234W	1201.0
YNL072W	1360.0
YDR279W	1832.0
YLR154C	556.0
YGR276C	2910.0
YER070W	17841.0
YJL026W	19261.0
YIL066C	2675.0
YGR180C	83447.0
YMR239C	2512.0
YPL123C	2047.0
YHR177W	1423.0
YGL144C	446.0
YFR022W	678.0
YGL171W	5436.0
YGR070W	684.0
YLR371W	871.0
YJL144W	1436.0
YMR200W	6860.0
YBR229C	2719.0
YPR065W	1157.0
YBL093C	2635.0
YJR063W	11999.0
YDR156W	3969.0
YJL148W	8225.0
YOR210W	17845.0
YOL005C	9089.0
YIL021W	9093.0
YBR154C	10743.0
YJL011C	2930.0
YNL113W	13239.0
YKL144C	2095.0
YNL151C	3399.0
YKR025W	4264.0
YDL150W	4195.0
YPR190C	4623.0
YNL330C	3850.0
YJL121C	7209.0
YHR088W	5481.0
YER169W	1784.0
YIL119C	1340.0
YLR075W	74858.0
YPR102C	27594.0
YDR418W	79137.0
YDL082W	51290.0
YKL180W	37495.0
YJL177W	30677.0
YNL301C	35392.0
YBR084C-A	45283.0
YPL220W	35057.0
YOR312C	49393.0
YBR191W	63797.0
YLR061W	118983.0
YFL034C-A	19147.0
YER117W	17015.0
YGR148C	36900.0
YLR344W	66974.0
YDR471W	46600.0
YGL103W	71369.0
YFR032C-A	72573.0
YFR031C-A	51078.0
YIL018W	47718.0
YBL092W	47048.0
YER056C-A	48965.0
YIL052C	35104.0
YDL191W	69549.0
YDL136W	41748.0
YMR194W	29505.0
YLR325C	32579.0
YJL189W	8331.0
YOR063W	95351.0
YIL148W	10435.0
YKR094C	13325.0
YDL184C	106439.0
YDL133C-A	103128.0
YNL162W	33040.0
YHR141C	31039.0
YPR043W	87658.0
YJR094W-A	35617.0
YDR012W	36864.0
YPL131W	59936.0
YML073C	39839.0
YGL076C	78377.0
YHL033C	113252.0
YLL045C	91729.0
YML091C	1826.0
YFR004W	16400.0
YFR052W	15018.0
YLR421C	6873.0
YGL004C	2210.0
YER021W	9081.0
YDL020C	1487.0
YDL147W	14645.0
YPR108W	9907.0
YOR261C	10410.0
YDR427W	14071.0
YDL140C	16113.0
YPR187W	7066.0
YOR116C	5592.0
YFL036W	3689.0
YDL081C	134732.0
YHR062C	3076.0
YDR382W	134732.0
YIR015W	1387.0
YGR214W	13774.0
YOR293W	15898.0
YMR230W	45312.0
YDR025W	59924.0
YBR048W	37610.0
YDR064W	62207.0
YCR031C	51361.0
YJL191W	13149.0
YOL040C	52121.0
YMR143W	54006.0
YML024W	81932.0
YDR447C	83909.0
YDR450W	38112.0
YML026C	19802.0
YOL121C	28109.0
YNL302C	48680.0
YLR367W	34606.0
YGR118W	27232.0
YPR132W	29902.0
YER074W	45621.0
YGR027C	59656.0
YLR333C	51486.0
YGL189C	90556.0
YKL156W	50979.0
YOR167C	49393.0
YLR264W	8600.0
YLR388W	11265.0
YGL123W	58722.0
YLR287C-A	46315.0
YLR167W	44117.0
YJR145C	99147.0
YHR203C	88908.0
YJR123W	46502.0
YPL090C	69398.0
YBR181C	20840.0
YOR096W	70601.0
YBL072C	67865.0
YER102W	62537.0
YPL081W	66820.0
YBR189W	70257.0
YKL145W	12952.0
YOR117W	16309.0
YGL048C	17229.0
YKR023W	1871.0
YMR131C	8238.0
YIL153W	2600.0
YPL152W	1939.0
YDR065W	1463.0
YOR305W	1420.0
YPR116W	955.0
YNL213C	1423.0
YDL216C	742.0
YOL117W	1320.0
YHR031C	455.0
YBL025W	543.0
YML043C	476.0
YKL125W	334.0
YLR141W	947.0
YBL014C	237.0
YJL025W	1192.0
YMR270C	589.0
YPL012W	8407.0
YKL082C	5000.0
YPR143W	6495.0
YDR412W	3184.0
YDR087C	4869.0
YOR287C	1056.0
YDL111C	4315.0
YCR035C	4201.0
YDR280W	4044.0
YGR095C	3707.0
YHR069C	5006.0
YOR001W	2939.0
YCL031C	5786.0
YDR083W	3935.0
YOR294W	8642.0
YCR045C	1129.0
YER066W	1162.0
YIL127C	3538.0
YBR246W	1883.0
YGL146C	0
YOL048C	1797.0
YPL193W	1749.0
YLR221C	4441.0
YCR072C	4261.0
YOR049C	1495.0
YGR056W	1186.0
YLR357W	3616.0
YKR008W	5315.0
YLR033W	4360.0
YCR052W	4654.0
YFR037C	7401.0
YML049C	5428.0
YMR030W	2194.0
YJR127C	1222.0
YDR041W	3852.0
YKL155C	2250.0
YDR175C	3230.0
YGR215W	2426.0
YMR266W	4002.0
YLR281C	731.0
YER125W	6335.0
YGR213C	0
YOL138C	1153.0
YBR147W	1443.0
YNL254C	931.0
YOR118W	2532.0
YPL183W-A	3491.0
YGL244W	6510.0
YBL103C	2317.0
YDR233C	37100.0
YMR185W	1405.0
YDR066C	1718.0
YOR014W	4713.0
YOR077W	1768.0
YGR161C	2113.0
YJL047C	1107.0
YER104W	1221.0
YNL206C	3898.0
YHR154W	1600.0
YLL002W	1140.0
YPL183C	3088.0
YDR139C	1614.0
YOR216C	4630.0
YOR138C	3867.0
YDR190C	13124.0
YPL235W	11577.0
YDR388W	10054.0
YBR095C	2161.0
YDR159W	1039.0
YDR389W	2368.0
YFR005C	1383.0
YGL175C	1084.0
YHR079C-A	1249.0
YJR004C	2895.0
YER043C	78556.0
YER129W	1232.0
YNL083W	1381.0
YLR180W	65133.0
YHR083W	2003.0
YMR060C	1600.0
YPL274W	4260.0
YNL026W	3193.0
YDR143C	1872.0
YFR040W	3506.0
YJL098W	3834.0
YKR028W	4320.0
YER047C	1480.0
YMR263W	2233.0
YGL229C	506.0
YDL153C	6042.0
YMR127C	978.0
YBL052C	899.0
YDR181C	718.0
YOR213C	1341.0
YCR008W	1142.0
YAL027W	1170.0
YGR263C	1894.0
YHR103W	1823.0
YDR351W	716.0
YER087C-B	9810.0
YHL034C	25752.0
YDR180W	1567.0
YER147C	623.0
YOR329C	1490.0
YHR205W	2752.0
YDL139C	622.0
YGR049W	3455.0
YBR037C	2467.0
YBR024W	2711.0
YJL080C	34834.0
YOR367W	3434.0
YBL091C-A	632.0
YER120W	14184.0
YGL126W	2448.0
YMR272C	3771.0
YBL011W	3095.0
YMR305C	6321.0
YGL083W	1857.0
YGR245C	3640.0
YEL057C	1135.0
YMR074C	5365.0
YOL098C	7950.0
YPR022C	671.0
YKL148C	9672.0
YDR178W	2850.0
YOL071W	3491.0
YDR379C-A	1304.0
YDR511W	1812.0
YBR269C	3266.0
YLR022C	5199.0
YIL113W	2156.0
YKL193C	5650.0
YBR214W	5164.0
YIL084C	2324.0
YBL104C	2041.0
YLR166C	3266.0
YGL233W	2445.0
YPL085W	5146.0
YBL050W	11448.0
YBR080C	6685.0
YDR498C	1917.0
YNL287W	15933.0
YLR268W	4602.0
YIL109C	8851.0
YGL137W	16404.0
YIL076W	10523.0
YNL272C	2893.0
YDL195W	19566.0
YLR440C	2418.0
YFL005W	19002.0
YMR013C	538.0
YDR166C	2518.0
YLR378C	17267.0
YPL094C	7596.0
YOR254C	9491.0
YML105C	5632.0
YIL068C	2037.0
YDR170C	5253.0
YPR055W	3475.0
YGR009C	2829.0
YDR077W	5874.0
YCR067C	1545.0
YLR026C	3181.0
YBL066C	442.0
YKL105C	1573.0
YGL100W	4208.0
YLR404W	846.0
YDR363W-A	13352.0
YMR059W	1022.0
YLR430W	2549.0
YLR105C	892.0
YAR008W	1704.0
YPL083C	1211.0
YAL067C	1021.0
YGR208W	11714.0
YDR023W	41861.0
YHR119W	981.0
YJL168C	3108.0
YJL105W	955.0
YHR207C	3416.0
YPL165C	0
YOR165W	4191.0
YNL049C	4146.0
YJR095W	3297.0
YOR315W	2284.0
YLR321C	4079.0
YJL145W	6817.0
YLL003W	444.0
YKL051W	3500.0
YOR140W	1234.0
YOR021C	11249.0
YLR403W	2241.0
YKL006C-A	2420.0
YLR336C	3014.0
YPR198W	1234.0
YPL047W	3299.0
YCL010C	2177.0
YGL066W	2419.0
YIR001C	4933.0
YOR073W	1128.0
YMR190C	120.0
YOR057W	3159.0
YOR007C	19147.0
YPR161C	3324.0
YKR043C	8525.0
YER096W	1263.0
YGL228W	6882.0
YBL031W	874.0
YKL130C	2989.0
YBR130C	3826.0
YOR035C	2162.0
YDR393W	805.0
YBR258C	2411.0
YMR118C	0
YER118C	1534.0
YBL058W	6482.0
YIL104C	2978.0
YDL212W	4860.0
YOL110W	1051.0
YDL225W	5365.0
YHL006C	1148.0
YDR078C	0
YGR112W	2065.0
YOR137C	206.0
YBR103W	2048.0
YOL031C	3289.0
YIL123W	2170.0
YOL004W	4999.0
YNL236W	2633.0
YMR175W	2300.0
YDR422C	1782.0
YNL257C	1367.0
YJL089W	5733.0
YKR101W	281.0
YDL042C	2711.0
YLR442C	1453.0
YDR227W	1446.0
YNL007C	28050.0
YKR072C	4255.0
YEL065W	2822.0
YDL047W	4289.0
YNL032W	2266.0
YDR409W	540.0
YKL023W	2470.0
YKR100C	1989.0
YLR187W	2369.0
YHR149C	1550.0
YGR195W	3656.0
YOR076C	2176.0
YGL213C	3702.0
YOL113W	766.0
YHR206W	3141.0
YNL167C	1310.0
YDR328C	5623.0
YNL311C	1698.0
YPL026C	2277.0
YBL061C	3028.0
YMR216C	3135.0
YNL243W	6881.0
YKL108W	482.0
YGL113W	196.0
YDR489W	1572.0
YOR060C	1557.0
YDR515W	2997.0
YOR008C	3668.0
YGR271W	1625.0
YBR156C	302.0
YGR212W	603.0
YOR195W	2875.0
YIL105C	3797.0
YNL047C	873.0
YDL033C	1170.0
YBR077C	3907.0
YCR024C	1501.0
YIL147C	1176.0
YER180C-A	1122.0
YOR154W	1750.0
YLR139C	1541.0
YDR088C	2061.0
YBR228W	1150.0
YLR135W	587.0
YDL013W	312.0
YER116C	1215.0
YGR081C	4726.0
YOR307C	1322.0
YNL196C	1130.0
YML066C	0
YER029C	2974.0
YFR031C	1833.0
YJL074C	2745.0
YLR086W	1650.0
YOL034W	1186.0
YLR383W	669.0
YGR074W	3691.0
YLR275W	3590.0
YOR159C	737.0
YOL122C	338.0
YHR050W	971.0
YGR229C	7611.0
YML058W	21089.0
YNR015W	2650.0
YBR182C	2061.0
YOR149C	773.0
YJL147C	2041.0
YFL017W-A	5058.0
YPR182W	3969.0
YDR525W-A	16536.0
YJL151C	7061.0
YDL123W	5337.0
YAL030W	4895.0
YOR327C	4376.0
YDR186C	1256.0
YLR065C	2858.0
YBR106W	30807.0
YDR073W	1258.0
YOR290C	2320.0
YDL194W	249.0
YBR289W	1956.0
YHL025W	1857.0
YLR025W	7483.0
YPL002C	944.0
YGR197C	648.0
YIL016W	6428.0
YDR478W	1540.0
YNL086W	10085.0
YMR095C	4175.0
YNL334C	1207.0
YFL060C	195.0
YMR322C	359.0
YIL061C	1637.0
YDR011W	4095.0
YGL131C	463.0
YPR101W	721.0
YKL173W	3148.0
YDL098C	1530.0
YDR240C	1564.0
YOR308C	1709.0
YGR013W	2170.0
YOR357C	3403.0
YDR425W	1729.0
YNL333W	620.0
YJR104C	76043.0
YLL011W	4744.0
YOR353C	1811.0
YGL127C	2888.0
YDR006C	1891.0
YMR016C	2287.0
YNR034W	4945.0
YCR073W-A	5788.0
YGR248W	5890.0
YEL059C-A	1094.0
YJL192C	4917.0
YJR159W	1193.0
YDL246C	1139.0
YMR066W	731.0
YCL054W	5428.0
YGL093W	2684.0
YDR356W	3057.0
YDR201W	1457.0
YJR010C-A	3338.0
YMR117C	2103.0
YER018C	1866.0
YPL124W	1475.0
YML055W	4963.0
YKR037C	2093.0
YLR066W	4668.0
YKL042W	2464.0
YAL047C	1185.0
YHR172W	1794.0
YNL126W	1528.0
YKL184W	2417.0
YOL052C	6674.0
YPR069C	22577.0
YLR146C	3562.0
YEL031W	15064.0
YGR236C	1183.0
YDR504C	3318.0
YMR191W	3.0
YLR313C	672.0
YER150W	4389.0
YHR136C	2180.0
YHL022C	1339.0
YHR152W	937.0
YKR031C	1781.0
YHR153C	0
YPL130W	5335.0
YMR017W	0
YOL091W	0
YBR250W	907.0
YDR104C	162.0
YER046W	0
YLR341W	1283.0
YAL009W	1104.0
YPL138C	1704.0
YOR148C	1012.0
YBR152W	2525.0
YLR424W	556.0
YDR464W	1422.0
YOR214C	21663.0
YGR059W	898.0
YER115C	1177.0
YNL204C	0
YDR523C	2611.0
YDR522C	238.0
YJL127C	660.0
YPL175W	1315.0
YER148W	4563.0
YOL148C	2108.0
YMR179W	319.0
YKL020C	757.0
YER161C	3223.0
YDR392W	1593.0
YGR063C	8567.0
YML010W	9928.0
YBR081C	2320.0
YLR055C	2347.0
YNL224C	1832.0
YIR012W	6705.0
YHR041C	3966.0
YER022W	3342.0
YGR104C	1756.0
YBR253W	3080.0
YDR308C	1994.0
YCR081W	534.0
YML034W	2065.0
YCR018C	1777.0
YDL133W	714.0
YOR247W	3304.0
YLR082C	1302.0
YKR091W	1187.0
YPL033C	0
YGL097W	9555.0
YLR119W	1479.0
YBL106C	749.0
YPR032W	2184.0
YCL037C	26393.0
YDR292C	4444.0
YKL154W	5274.0
YNL189W	8820.0
YKL122C	4248.0
YKR092C	9434.0
YPR088C	8411.0
YPL243W	8214.0
YPL210C	6363.0
YJL092W	673.0
YMR101C	28336.0
YNL138W	8760.0
YKL086W	1479.0
YLL024C	229625.0
YER103W	13647.0
YJR045C	54905.0
YDR293C	8259.0
YBR169C	6616.0
YHR066W	5564.0
YDR312W	2545.0
YBR283C	8385.0
YKL124W	722.0
YLR006C	1790.0
YCR073C	123.0
YNR031C	1186.0
YLR005W	2340.0
YIL143C	2137.0
YIL030C	2480.0
YDR443C	1512.0
YPL042C	628.0
YNL025C	707.0
YPL232W	6133.0
YLR250W	5115.0
YHR184W	216.0
YOR242C	3000.0
YLR369W	3335.0
YDR086C	10099.0
YLR452C	2900.0
YPL092W	865.0
YNL222W	1620.0
YDR160W	515.0
YJL156C	708.0
YHR064C	41718.0
YNL309W	1515.0
YMR053C	570.0
YMR019W	392.0
YHR178W	310.0
YKL072W	261.0
YOR047C	721.0
YLR362W	1533.0
YHR084W	2668.0
YOR219C	1395.0
YDR410C	1719.0
YLR389C	8034.0
YJR117W	9882.0
YFL026W	4771.0
YKL178C	2561.0
YCL032W	2094.0
YDR103W	1766.0
YKL209C	2898.0
YDL159W	1466.0
YDL130W-A	6701.0
YIL126W	4405.0
YLR150W	70456.0
YDR082W	14.0
YDR463W	1005.0
YCL008C	1129.0
YHR006W	610.0
YLR375W	1838.0
YDL048C	1537.0
YGL184C	2280.0
YIR011C	2120.0
YGL022W	5781.0
YLR305C	1920.0
YBL034C	1269.0
YLR045C	3476.0
YGL169W	2610.0
YPR086W	4262.0
YIL162W	2368.0
YPR151C	1187.0
YNL244C	17154.0
YBR294W	711.0
YLR092W	1348.0
YDR310C	2527.0
YDR172W	26399.0
YPL057C	2007.0
YDR297W	5344.0
YML052W	7813.0
YBR111W-A	2657.0
YGL162W	593.0
YPL029W	882.0
YPL032C	4216.0
YHR181W	2788.0
YPL163C	2043.0
YAL011W	1122.0
YGR002C	2332.0
YBR231C	1754.0
YLR385C	1684.0
YAR003W	1114.0
YKL018W	3950.0
YBR175W	1127.0
YJL187C	1047.0
YDR126W	36.0
YAR042W	4819.0
YPL016W	2331.0
YER111C	1278.0
YDR146C	1179.0
YLR182W	3241.0
YNR004W	1720.0
YMR149W	8573.0
YFL049W	2501.0
YDR334W	765.0
YNL081C	2875.0
YOR166C	1307.0
YNL187W	1250.0
YDR395W	7202.0
YOR179C	2404.0
YDR416W	1377.0
YGR129W	2581.0
YIL047C	2229.0
YLR251W	1611.0
YAL014C	1672.0
YDL063C	3014.0
YJL004C	999.0
YPR095C	279.0
YGL243W	1204.0
YJL035C	1336.0
YLR316C	1205.0
YBR261C	3594.0
YDR167W	4008.0
YML015C	2316.0
YDR145W	4067.0
YML098W	1522.0
YPL129W	5966.0
YGR274C	1633.0
YCR042C	1627.0
YPL011C	2481.0
YMR005W	3562.0
YBR198C	5459.0
YMR227C	1510.0
YML114C	2097.0
YMR236W	4762.0
YJR046W	1866.0
YPR048W	3729.0
YLR354C	44083.0
YGR046W	1666.0
YGL232W	3309.0
YIL129C	1005.0
YMR028W	1580.0
YBR069C	3424.0
YOL020W	4315.0
YJL083W	207.0
YPR140W	1471.0
YPL128C	3130.0
YBR150C	779.0
YEL048C	2388.0
YNL087W	5242.0
YHR003C	3419.0
YKL027W	4922.0
YBR044C	1158.0
YPL180W	1750.0
YDR212W	16756.0
YGR205W	4577.0
YHR159W	1136.0
YMR291W	5299.0
YER071C	1886.0
YJR116W	1840.0
YLR426W	2036.0
YNL176C	1569.0
YAL064C-A	1340.0
YML081W	1550.0
YJL052W	80420.0
YBR223C	1095.0
YOR337W	1735.0
YBR083W	1151.0
YPR080W	533920.0
YBR118W	532551.0
YBL088C	1137.0
YGR099W	889.0
YML064C	1543.0
YNL253W	1530.0
YKL028W	3514.0
YKR062W	3969.0
YDR311W	3260.0
YPL122C	2270.0
YDR460W	2530.0
YPR056W	1971.0
YDR079C-A	1612.0
YOR352W	2859.0
YBR123C	2691.0
YAL001C	1809.0
YGR047C	1718.0
YDR362C	1603.0
YOR110W	3046.0
YPL007C	1632.0
YGR186W	4780.0
YGR005C	4632.0
YKL140W	3189.0
YDR058C	894.0
YMR313C	2339.0
YKR089C	2303.0
YOR081C	1922.0
YPL157W	1302.0
YGR024C	2451.0
YJR156C	752.0
YNL332W	1262.0
YDL244W	1344.0
YBR240C	1226.0
YDL080C	1453.0
YGR144W	1728.0
YFL058W	1193.0
YOR192C	1244.0
YLR004C	3894.0
YDR438W	0
YLR237W	1612.0
YOR143C	2263.0
YER063W	8445.0
YNL139C	2258.0
YOL072W	1358.0
YHR167W	2364.0
YPR045C	3066.0
YMR260C	21045.0
YJL138C	92322.0
YMR146C	17836.0
YDR429C	12175.0
YPR041W	30676.0
YPR016C	15404.0
YHR005C-A	10765.0
YGR181W	9776.0
YJL143W	10216.0
YOR297C	1778.0
YGR033C	2644.0
YDL217C	1533.0
YPL063W	7101.0
YJL054W	3862.0
YJR135W-A	7334.0
YEL020W-A	5940.0
YBR067C	14370.0
YGL145W	2401.0
YER011W	1171.0
YOR009W	1925.0
YDR468C	2987.0
YOL018C	1929.0
YIL137C	5216.0
YOR252W	3718.0
YKL056C	90676.0
YER007C-A	8015.0
YMR269W	2965.0
YOR091W	5032.0
YLR262C-A	9949.0
YOR052C	2550.0
YJR085C	2715.0
YPR098C	3141.0
YLR118C	4694.0
YDR107C	1162.0
YER113C	1985.0
YDR105C	3441.0
YGR260W	3790.0
YOR194C	2599.0
YBL054W	2059.0
YNL273W	1096.0
YKR010C	1366.0
YER184C	5.0
YJL171C	4773.0
YJL093C	4.0
YDR457W	2853.0
YPR133W-A	6857.0
YOR045W	3181.0
YNL121C	14978.0
YOL006C	4130.0
YNL088W	3960.0
YLR234W	727.0
YJR066W	1323.0
YKL203C	1773.0
YBR162C	5693.0
YGR221C	857.0
YLR183C	740.0
YNL300W	6737.0
YGR096W	319.0
YJL016W	2388.0
YJL164C	3555.0
YPL203W	2944.0
YKL166C	2563.0
YGL186C	1181.0
YLL028W	3171.0
YGR138C	2938.0
YPR156C	3768.0
YOR273C	3846.0
YKL174C	764.0
YMR156C	1243.0
YMR261C	9965.0
YHR099W	3744.0
YPL176C	505.0
YOR256C	738.0
YNL299W	1329.0
YMR233W	1982.0
YJL129C	672.0
YKR050W	0
YJL087C	3511.0
YOL093W	2941.0
YNR046W	9721.0
YOL124C	2697.0
YML005W	1241.0
YOL125W	1492.0
YKR056W	2427.0
YDL112W	2626.0
YPL030W	3625.0
YMR259C	2995.0
YDR165W	6694.0
YML014W	1983.0
YDR007W	2532.0
YKL211C	14850.0
YGL026C	30438.0
YDR407C	2048.0
YMR218C	1131.0
YBR254C	2053.0
YDR246W	2989.0
YOR115C	2037.0
YGR166W	1421.0
YDR108W	1206.0
YLR043C	19160.0
YKR079C	2667.0
YER093C	733.0
YDL015C	7707.0
YBR058C-A	3371.0
YML100W	12628.0
YDL060W	4912.0
YLR435W	4657.0
YOR006C	2652.0
YKL033W	1244.0
YJR136C	1211.0
YML085C	11926.0
YLR212C	3148.0
YKL034W	769.0
YCR084C	9774.0
YLR425W	509.0
YDR100W	4597.0
YMR071C	5577.0
YDR084C	2275.0
YKR088C	3979.0
YOR344C	866.0
YPL207W	4079.0
YGL050W	3821.0
YOR295W	846.0
YKL210W	32355.0
YDR390C	3562.0
YPR066W	1646.0
YHR111W	3270.0
YOR339C	1331.0
YLR306W	1679.0
YDR177W	8210.0
YBR082C	14172.0
YDR059C	3333.0
YER100W	2708.0
YMR022W	2692.0
YEL012W	2030.0
YDL064W	5656.0
YLL039C	4541.0
YNL186W	4079.0
YKR098C	220.0
YJL197W	3179.0
YBL067C	1759.0
YBR058C	3554.0
YMR304W	3426.0
YPL072W	868.0
YDL122W	5029.0
YER151C	6584.0
YER144C	771.0
YIL156W	707.0
YMR223W	1597.0
YER098W	1350.0
YGR184C	3840.0
YLR024C	301.0
YML013W	3056.0
YDL091C	1356.0
YMR067C	3630.0
YDR330W	2492.0
YJL048C	2127.0
YLR224W	299.0
YGR048W	3773.0
YDL190C	4158.0
YKL010C	3065.0
YOR075W	1797.0
YML088W	702.0
YBR006W	3214.0
YDL170W	1226.0
YDL210W	0
YDR470C	1376.0
YKL035W	26200.0
YDL169C	1180.0
YAR027W	1690.0
YPL186C	1145.0
YKR044W	1500.0
YPL003W	1140.0
YFR026C	1016.0
YPL020C	1567.0
YIL031W	454.0
YOR191W	1434.0
YDR207C	1199.0
YBR173C	2054.0
YML021C	1854.0
YDR213W	746.0
YGR072W	2274.0
YLR193C	1172.0
YLR168C	2740.0
YDR185C	1523.0
YJL130C	29323.0
YEL021W	13482.0
YML106W	14295.0
YBL039C	21121.0
YJR041C	3271.0
YDR520C	780.0
YDR400W	2610.0
YNR012W	2498.0
YIL008W	3329.0
YPR152C	1241.0
YML029W	1822.0
YLR132C	2081.0
YGL098W	1290.0
YDL058W	3460.0
YPL230W	210.0
YJL109C	8151.0
YKL099C	2383.0
YLR222C	5561.0
YML093W	4748.0
YMR093W	4501.0
YJL069C	5255.0
YBL004W	3410.0
YLR409C	3719.0
YGR090W	6359.0
YOR004W	3275.0
YIL091C	3750.0
YKR060W	3156.0
YDR324C	4082.0
YDR398W	4755.0
YDR449C	4319.0
YGR128C	7347.0
YHR196W	6323.0
YJR049C	3317.0
YEL040W	6896.0
YEL035C	1133.0
YEL005C	2151.0
YLR386W	2539.0
YCL063W	1041.0
YNL054W	985.0
YOR106W	1394.0
YDL077C	1347.0
YGL212W	2444.0
YML115C	3403.0
Q0140	3940.0
YMR088C	673.0
YBR293W	8712.0
YCL069W	2772.0
YDR119W	3911.0
YDL128W	3352.0
YGL258W	694.0
YER128W	1988.0
YBR235W	1063.0
YIL056W	1180.0
YER064C	1253.0
YDR247W	784.0
YIL135C	2180.0
YOR054C	1413.0
YGR065C	1564.0
YLR373C	2065.0
YBR105C	5114.0
YNL212W	4050.0
YIL017C	1156.0
YGL227W	2183.0
YPL253C	693.0
YLR410W	6646.0
YIR014W	1188.0
YHR039C-A	29531.0
YPL234C	3943.0
YHR026W	9361.0
YGR105W	3010.0
YHR060W	2287.0
YOR332W	40566.0
YKL080W	16708.0
YLR447C	14016.0
YGR020C	11748.0
YHL035C	1217.0
YDR049W	3086.0
YNL321W	1348.0
YGR106C	12800.0
YKL119C	2843.0
YBR097W	665.0
YPL045W	1798.0
YOR132W	2829.0
YMR077C	1665.0
YKL041W	3465.0
YJR102C	2111.0
YPL065W	1408.0
YHR012W	4474.0
YPL120W	1625.0
YLR396C	2169.0
YLR240W	1561.0
YJL154C	4037.0
YLR417W	1784.0
YLR360W	749.0
YDR495C	1316.0
YDR080W	1771.0
YGL095C	3072.0
YKR020W	1696.0
YDR484W	2363.0
YJL029C	2504.0
YDR027C	2323.0
YJR044C	2441.0
YOR069W	3969.0
YGR141W	746.0
YDR200C	926.0
YOL129W	3000.0
YJR126C	60.0
YML041C	1243.0
YDR485C	1253.0
YGL104C	472.0
YNL246W	3120.0
YAL002W	1353.0
YGL225W	20537.0
YLR337C	3203.0
YLR181C	4268.0
YER072W	5416.0
YFL004W	5824.0
YPL019C	8066.0
YJL012C	13396.0
YJL222W	279.0
YOR359W	3371.0
YML076C	1383.0
YNL197C	5072.0
YDL224C	3069.0
YOR083W	2478.0
YDR374W-A	4812.0
YNL283C	2048.0
YOL105C	3698.0
YHL028W	320.0
YHR134W	1168.0
YOR230W	21883.0
YOR229W	3364.0
YIL101C	903.0
YLR090W	1886.0
YJR133W	2621.0
YDR369C	437.0
YLR070C	1182.0
YJR067C	2334.0
YNL107W	1257.0
YPL252C	3358.0
YJL141C	1639.0
YAL037W	1153.0
YAL064W-B	1219.0
YAL064W	0
YAL065C	0
YHR161C	2741.0
YGR241C	3634.0
YML007W	2111.0
YHL009C	1947.0
YIR018W	472.0
YDR259C	682.0
YOL028C	1719.0
YAR023C	1168.0
YAR028W	1641.0
YAR064W	1520.0
YAR035W	1047.0
YBL028C	6210.0
YBL029C-A	3220.0
YBL029W	1199.0
YBL071C	1128.0
YBL081W	1549.0
YBL086C	1567.0
YBL111C	1211.0
YBL113C	881.0
YBR216C	2445.0
YGL060W	1994.0
YBR013C	8467.0
YBR016W	2167.0
YBR027C	1267.0
YBR053C	6080.0
YBR056W	6076.0
YBR062C	2663.0
YBR063C	1276.0
YBR071W	1600.0
YBR090C	9525.0
YBR137W	2402.0
YBR138C	366.0
YBR184W	528.0
YBR197C	1360.0
YBR219C	1703.0
YBR220C	1020.0
YBR221W-A	1761.0
YBR225W	1704.0
YBR238C	1748.0
YBR241C	2592.0
YBR242W	2636.0
YBR259W	1951.0
YBR285W	1276.0
YBR287W	2475.0
YDR135C	4264.0
YDR325W	1535.0
YGR203W	3108.0
YHR135C	4031.0
YER123W	3080.0
YCL002C	0
YCL012C	2022.0
YCL021W-A	1385.0
YCL042W	12339.0
YCL049C	919.0
YCL068C	0
YCR006C	0
YCR007C	590.0
YCR016W	3782.0
YCR023C	1345.0
YCR043C	4388.0
YCR051W	4546.0
YCR061W	1083.0
YCR085W	1214.0
YCR087C-A	4253.0
YCR099C	0
YLR272C	1533.0
YLL055W	1122.0
YPL087W	1712.0
YDL012C	2988.0
YDL057W	1184.0
YDL085C-A	4648.0
YDL086W	8453.0
YDL109C	195.0
YDL114W	1051.0
YDL129W	1467.0
YDL144C	2760.0
YDL157C	1532.0
YDL176W	339.0
YDL177C	1333.0
YDL180W	830.0
YDL183C	764.0
YDL199C	1263.0
YDL206W	1128.0
YDL211C	2152.0
YDL218W	1130.0
YDL241W	1300.0
YDR018C	1165.0
YDR029W	0
YDR034W-B	2379.0
YDR042C	1309.0
YDR061W	3422.0
YDR102C	498.0
YDR114C	1179.0
YDR124W	7763.0
YDR131C	538.0
YDR209C	1208.0
YDR210W	2333.0
YDR222W	1225.0
YDR239C	1325.0
YDR248C	3301.0
YDR249C	1261.0
YDR338C	1258.0
YDR366C	1244.0
YDR415C	1217.0
YDR444W	851.0
YDR514C	863.0
YDR541C	613.0
YEL004W	795.0
YEL006W	1008.0
YEL041W	600.0
YLL012W	2544.0
YLR020C	1879.0
YEL008W	1158.0
YEL025C	694.0
YEL043W	2379.0
YEL067C	1835.0
YEL068C	1289.0
YEL076C	1141.0
YEL077C	1172.0
YBL060W	755.0
YER041W	642.0
YER010C	1584.0
YER034W	3666.0
YER039C-A	675.0
YER053C-A	7972.0
YER084W	2230.0
YER135C	1205.0
YER137C	1130.0
YER158C	784.0
YER186C	0
YER187W	2706.0
YER189W	0
YMR040W	1281.0
YDL072C	8579.0
YDL120W	2716.0
YFR007W	1437.0
YFL012W	1186.0
YFL040W	0
YFL051C	0
YFL064C	1259.0
YFL065C	1272.0
YFL066C	994.0
YFL068W	0
YFR018C	2119.0
YFR045W	710.0
YFR057W	1352.0
YDR319C	2213.0
YOL128C	705.0
YGL015C	0
YGL034C	1202.0
YGL036W	1352.0
YGL039W	4487.0
YGL081W	1179.0
YGL082W	3783.0
YGL108C	2525.0
YGL114W	1037.0
YGL117W	1858.0
YGL118C	1294.0
YGL138C	1392.0
YGL140C	1831.0
YGL159W	1951.0
YGL185C	1456.0
YGL193C	0
YGL230C	1241.0
YGL235W	0
YGL258W-A	1252.0
YGL262W	1202.0
YGR016W	737.0
YGR017W	2840.0
YGR018C	1347.0
YGR026W	4219.0
YGR050C	1136.0
YGR054W	14358.0
YGR067C	0
YGR079W	0
YGR117C	2276.0
YGR122W	1463.0
YGR125W	1631.0
YGR126W	2147.0
YGR127W	1083.0
YGR153W	1219.0
YGR201C	2552.0
YGR237C	1503.0
YGR283C	1895.0
YLR298C	1777.0
YJL059W	1656.0
YHL005C	1275.0
YHL008C	819.0
YHL012W	0
YHL017W	2037.0
YHL026C	1057.0
YHL042W	1324.0
YHL044W	1177.0
YHL049C	1221.0
YHL050C	897.0
YMR241W	13593.0
YDR451C	857.0
YHR022C	1575.0
YHR033W	2162.0
YHR045W	2653.0
YHR054C	1167.0
YHR078W	550.0
YHR112C	3852.0
YHR131C	413.0
YHR140W	3489.0
YHR173C	149.0
YHR182W	663.0
YHR202W	1079.0
YHR210C	898.0
YHR212W-A	2383.0
YHR213W	1318.0
YHR218W	635.0
YHR219W	0
YIL006W	0
YNL263C	3070.0
YCR059C	3137.0
YIL001W	510.0
YIL024C	1436.0
YIL054W	925.0
YIL060W	0
YIL067C	2063.0
YIL089W	1137.0
YIL092W	1751.0
YIL161W	2246.0
YIL165C	33873.0
YIL177C	585.0
YGR172C	2382.0
YGL198W	1105.0
YGL161C	2083.0
YIR016W	0
YIR042C	1014.0
YJL027C	1148.0
YJL043W	0
YJL045W	10170.0
YJL068C	9042.0
YJL070C	1569.0
YJL107C	1480.0
YJL118W	1476.0
YJL132W	2241.0
YJL163C	0
YJL193W	439.0
YJL206C	483.0
YJL213W	58.0
YJL218W	1265.0
YJL225C	585.0
YJR011C	815.0
YJR012C	1257.0
YJR015W	639.0
YJR056C	1685.0
YJR079W	907.0
YJR084W	2125.0
YJR096W	5551.0
YJR098C	1230.0
YJR115W	1405.0
YJR120W	1325.0
YJR124C	736.0
YJR142W	3185.0
YJR146W	1266.0
YJR154W	1197.0
YKL095W	1891.0
YKL094W	6896.0
YLR200W	6599.0
YIL023C	14940.0
YKL033W-A	12770.0
YKL050C	3515.0
YKL063C	2223.0
YKL069W	3380.0
YKL070W	0
YKL071W	115509.0
YKL075C	2101.0
YKL091C	4332.0
YKL107W	947.0
YKL162C	1261.0
YKL222C	0
YKR005C	1126.0
YKR011C	1750.0
YKR015C	766.0
YKR018C	5866.0
YKR041W	117.0
YKR045C	1880.0
YKR075C	1928.0
YKR078W	1556.0
YKR104W	3244.0
YMR284W	1273.0
YMR106C	1548.0
YHL014C	1392.0
YLL032C	1510.0
YLL053C	1216.0
YLL054C	216.0
YLL056C	2805.0
YLL058W	933.0
YLL066C	1156.0
YLL067C	2187.0
YLR001C	1460.0
YLR031W	0
YLR036C	1489.0
YLR042C	120550.0
YLR053C	0
YLR108C	1137.0
YLR125W	1305.0
YLR146W-A	4685.0
YLR149C	1409.0
YLR152C	1711.0
YLR156W	0
YLR159W	0
YLR161W	1226.0
YLR162W	4626.0
YLR173W	474.0
YLR225C	3466.0
YLR257W	12312.0
YLR278C	1069.0
YLR283W	639.0
YLR287C	4763.0
YLR297W	1251.0
YLR326W	1849.0
YLR358C	1470.0
YLR361C-A	2279.0
YLR363W-A	3958.0
YLR406C-A	2102.0
YLR407W	2984.0
YLR419W	4875.0
YLR446W	361.0
YLR456W	1000.0
YLR460C	1258.0
YLR462W	1444.0
YLR464W	1152.0
YPR058W	2573.0
YBR104W	1529.0
YML038C	2384.0
YML002W	1080.0
YML003W	1184.0
YML018C	4289.0
YML020W	931.0
YML037C	1229.0
YML053C	1702.0
YML082W	2780.0
YML083C	1275.0
YML096W	1630.0
YML100W-A	1229.0
YML108W	2757.0
YML119W	1141.0
YML122C	1126.0
YML133C	2187.0
YML025C	3628.0
YMR007W	5926.0
YMR027W	7494.0
YMR082C	0
YMR084W	16168.0
YMR085W	1141.0
YMR099C	13988.0
YMR102C	1567.0
YMR114C	928.0
YMR141C	1282.0
YMR155W	579.0
YMR160W	1185.0
YMR181C	1378.0
YMR187C	15.0
YJR110W	1165.0
YMR206W	0
YMR209C	2161.0
YMR226C	17664.0
YMR244W	1244.0
YMR247W-A	1672.0
YMR253C	2736.0
YMR262W	1160.0
YMR265C	1283.0
YMR272W-B	1734.0
YMR310C	1919.0
YFR049W	3626.0
YER005W	1126.0
YOR064C	1204.0
YHR090C	1783.0
YKL067W	13884.0
YNL011C	1364.0
YNL018C	606.0
YNL019C	0
YNL033W	807.0
YNL035C	2758.0
YNL040W	2996.0
YNL046W	1475.0
YNL050C	3569.0
YNL058C	1431.0
YNL092W	952.0
YNL095C	1575.0
YNL108C	3675.0
YNL115C	2371.0
YNL122C	2275.0
YNL134C	18473.0
YNL140C	1402.0
YNL143C	4229.0
YNL144C	0
YNL146W	1584.0
YNL162W-A	966.0
YNL165W	1686.0
YNL184C	623.0
YNL190W	3075.0
YNL193W	1825.0
YNL194C	1995.0
YNL195C	1487.0
YNL234W	815.0
YNL320W	1779.0
YNR014W	2873.0
YNR048W	1828.0
YNR061C	773.0
YNR064C	700.0
YNR065C	1175.0
YNR066C	1055.0
YNR071C	1184.0
YOL019W	2074.0
YOL036W	500.0
YOL075C	651.0
YOL085C	0
YOL107W	1904.0
YOL159C-A	1190.0
YOL162W	0
YOR012W	737.0
YOR019W	597.0
YOR062C	1615.0
YOR097C	1013.0
YOR105W	2284.0
YOR186W	1385.0
YGR281W	3019.0
YOR238W	1868.0
YOR268C	1236.0
YOR283W	6910.0
YOR289W	2091.0
YOR292C	0
YOR296W	448.0
YOR302W	7438.0
YOR338W	0
YOR342C	1904.0
YOR385W	1981.0
YOR387C	1244.0
YOR389W	1580.0
YER074W-A	3784.0
YDR057W	1153.0
YML027W	1402.0
YBR183W	751.0
YKL100C	3553.0
YFR003C	1527.0
YKL126W	6096.0
YBR028C	3197.0
YOR291W	2090.0
YPL034W	286.0
YPL068C	1254.0
YPL071C	641.0
YPL077C	1184.0
YPL088W	2837.0
YPL108W	1066.0
YPL113C	506.0
YPL150W	804.0
YPL162C	2778.0
YPL191C	1736.0
YPL199C	5067.0
YPL216W	2135.0
YPL229W	1734.0
YPL245W	2765.0
YPL264C	1228.0
YPL277C	2553.0
YGR198W	1755.0
YOL092W	7945.0
YDR352W	4289.0
YPR003C	1387.0
YPR011C	1139.0
YPR027C	2135.0
YPR063C	3872.0
YPR064W	1155.0
YPR071W	1631.0
YPR078C	1140.0
YPR084W	572.0
YPR089W	2519.0
YPR114W	4480.0
YPR117W	437.0
YPR147C	1404.0
YPR148C	10986.0
YPR170W-B	3706.0
YPR174C	2582.0
YPR196W	574.0
YDR368W	14884.0
YPR204W	371.0
YLR120C	2585.0
YGL259W	1782.0
YIR039C	125.0
YDR349C	1085.0
YBR264C	1792.0
YNL304W	1243.0
YFL038C	17705.0
YER031C	8340.0
YGL210W	4023.0
YHR105W	2059.0
YKR014C	9752.0
YNL093W	1177.0
YLR262C	5189.0
YDR381W	26822.0
YKL214C	3470.0
YDR002W	22691.0
YIL063C	5129.0
YGL164C	2396.0
YDR545W	635.0
YER190W	635.0
YGR296W	635.0
YLR466W	913.0
YLR467W	585.0
YNL339C	1137.0
YPL283C	1922.0
YOR396W	635.0
YOR172W	267.0
YOR162C	622.0
YBR111C	6334.0
YHR017W	1905.0
YHR016C	2644.0
YNL138W-A	3426.0
YLR277C	2253.0
YDR326C	1886.0
YOR003W	442.0
YBR148W	0
YBR162W-A	2079.0
YMR089C	4411.0
YGR270W	2817.0
YPR107C	1922.0
YNL237W	1579.0
YJL139C	707.0
YOR087W	2628.0
YIR026C	4228.0
YJL056C	1057.0
YMR273C	1162.0
YML109W	691.0
YOL109W	52943.0
YNL310C	3648.0
YDR285W	391.0
YGL249W	0
YGR211W	12248.0
YOL154W	8105.0
YNR039C	1991.0
YER033C	1635.0
YLR130C	1872.0
YKL175W	766.0
YGR285C	46597.0
YNL241C	13982.0
