P36147,118.885672
P04173,526293.1126
P28272,265777.6885
P33336,123.3493551
P38217,65902.21249
P53755,45.47591423
P36160,57498.61397
P05150,1037.035477
P40358,30181.39607
P16474,174630.5479
P07269,10336.0037
P32332,709.4706354
Q07651,164.6220604
P19657,6207.304762
P25654,32557.75777
Q08285,33522.67128
Q04170,41212.98419
P53630,308.0756124
P48360,9523.95493
Q06677,11321.05164
P22133,22932.85185
P41277,575847.6486
P00815,7697.896602
Q08685,11529.55634
P32864,1061.879539
P39984,30394.94564
P36520,710.5889321
P20051,36745.86062
P22768,5117.102667
P25358,1571.521384
P06115,1338.486144
P41911,50210.1328
P36007,1230.251222
P38892,6286.60817
Q03103,20912.14215
P38695,214.5489559
P53043,1224.782199
P36049,75803.59057
P17967,121426.0826
Q03558,96226.97221
Q12166,1619.56936
P07264,9831.702814
P16965,97200.0055
Q12454,256.2831208
sp|P05067|A4_HUMAN,0.0
Q07716,19436.44046
P38765,1873.740457
P38631,1044.952786
Q08045,17071.64037
Q07729,3344.211158
Q08224,12305.07626
Q08975,4891.50011
Q06490,6869.33869
P12630,50.04928886
P39522,14494.06902
P53326,590.9669588
P38066,18556.92401
P41835,5643.66673
P50861,36277.48507
P53040,1319.766853
P31787,430755.5856
Q04600,18668.11636
Q04728,5590.916202
P50277,396.5892054
P36016,20890.86273
Q05015,1022.050417
Q06408,1188.588986
P10127,530.2553548
Q12306,60141.28876
P43558,6620.788584
Q01476,689.4779422
P38130,17673.88313
P38629,29952.35202
P38773,12947.59733
P49095,3252.965904
P29952,39462.51859
P00498,8482.163298
P07172,2822.176088
Q04438,609.742629
P39518,427.6377257
Q08225,21819.1884
P19145,593.6900466
P40483,12003.61629
Q01217,3583.800784
Q06252,28131.44511
P32643,2297.345312
Q06449,9037.145633
P38891,11825.32999
P18411,838.7450349
Q12466,2287.482053
P20107,2351.115358
P23285,13084.91143
P38841,8946.279508
Q99369,1034.743913
P32463,6996.767871
P36040,7379.728717
P36013,2554.149251
Q12692,82972.80412
P38143,23784.75962
P47164,896.7623255
Q07688,28203.15826
P06168,51229.68892
P22855,4360.702481
P32908,1477.861947
Q12154,40476.49413
P53078,571.7347224
P18544,3555.733042
P36017,40192.22444
P53733,10454.24154
P15565,3512.226494
P14843,6452.541968
P34760,423778.7084
Q04120,17843.52988
P38079,936.4195584
P29029,2057.865835
O43137,57826.44774
P04076,6743.070043
Q12680,3966.369084
P32334,897.5751936
P23180,16105.85614
P05738,24937.31799
P03965,11992.20381
P07143,2633.788308
P38009,20658.60811
P17898,1026.696662
P53112,473.20336
P14120,19967.36162
P36516,2000.524203
Q03148,1259.6466
Q12453,630.2932877
P53893,1382.589583
P42939,6164.131953
P14922,22622.30359
P40008,35133.80067
P41056,21131.52588
P40047,4431.008113
P33421,2515.947651
P38634,410.3048824
P25491,86013.03238
P30605,2739.629911
P25626,908.5485776
P40054,4215.731326
Q12189,2820.511986
Q12443,1772.130607
P48570,9636.856778
P47148,834.9491046
P07262,29046.26751
P53008,1715.383596
Q06678,1911.714253
P53189,1183.63543
P00045,841.8814894
P47096,2228.799839
P35180,2613.587105
P32589,132885.3617
P41338,46845.87033
P32895,13130.05509
YBR009C,11450.25748
P10962,922.1639537
P38972,19380.24412
P39939,44256.9553
P38256,1939.117857
P29704,6253.062691
Q02805,745.909236
P53600,48059.87145
Q02950,1444.583521
Q05905,32973.40884
P37267,563.7090682
P25586,3071.973111
P36519,1888.833177
P32795,1996.595834
P36135,1460.595265
P38840,1714.513116
Q07362,27281.94463
P40312,8589.294209
P20049,16759.89477
P07342,14171.77959
Q06440,3247.394708
Q99297,3692.86358
P37303,15839.78335
P38988,4712.160244
Q06508,990.9245556
P32350,688.331499
Q12305,28497.65137
Q05778,5728.950243
P18852,439.4322954
Q12068,17152.68865
P36069,15844.30167
P52918,1007.155691
P04821,5834.261149
P36148,1335.033586
P38934,78905.3165
P05744,16967.1516
P47032,762.1144692
P43603,2715.695939
Q07551,42277.50514
P14742,36420.22541
P43613,7722.352323
P32843,2332.329278
P43586,2147.462224
P39958,23407.82645
Q08818,792.8741011
P48567,12999.77235
P50107,18621.96391
P33775,12705.0118
P47912,3961.856972
Q03034,7789.573285
P26785,29810.26958
Q04344,5508.356041
P40510,6246.975179
Q3E705,2045.314093
P07702,4271.561319
P40302,34260.55628
Q02754,5357.170236
P06101,16630.89539
P06208,6526.358702
P40515,1856.586357
O13547,20690.31858
P40339,9571.664826
P11325,283.9165144
P07283,59151.30548
P53616,726.6270224
P35176,25574.45201
P53507,10079.55322
P08679,2289.721445
P39729,5233.575225
Q12230,15265.14054
P32804,1337.859291
P06738,4353.408198
P53723,5622.622908
Q07878,1869.641948
P47085,3794.293691
P22204,10546.50075
P38970,441.1039089
P38238,1813.032773
P38127,439.7899769
Q3E824,9811.986291
P32898,2830.009291
P27796,735.9613513
P07267,42300.19246
P38720,180089.2255
P50087,2206.217723
P53734,8256.307448
P34253,14997.90152
Q02204,2845.113802
Q05050,3507.883153
P24279,2300.226439
P33734,9957.810834
Q03640,3770.411944
P38166,1438.123598
P38833,852.9482429
P47124,1770.923089
P05748,19069.39558
P54780,1627.220109
Q00772,9551.989403
P53172,3023.788752
P46654,56662.38783
Q12078,636.4316707
Q00955,15828.40069
P39727,759.1618555
P32327,8835.308266
P39676,19571.0541
P38145,2593.291342
P30822,4631.084497
P00175,2312.771094
P39952,2954.763014
Q12511,11802.429
P19881,18233.5801
P27882,1261.59022
P53729,7835.4348
P51401,39343.33996
P24280,33125.51966
P38068,33665.96934
P38616,9312.429281
Q04697,5014.129167
P25373,26091.84971
P48582,14270.96316
P30619,714.3937836
P53334,4312.082873
P53184,24088.20101
P53633,27036.54061
P38996,11524.79983
P47166,4383.958875
P37291,30018.52123
P32368,6454.45959
P54000,6951.254963
P17558,1612.435184
Q12486,7005.379236
P48589,41817.34231
P38774,13790.27944
Q12427,42576.60877
P25808,694.4048037
Q04336,1818.093479
P53885,1853.257774
P36051,26631.02915
P36106,570.0255451
P38999,15474.79764
P02294,66358.6337
P02293,88032.64707
Q03362,10141.4294
P39704,23356.24288
Q04585,1972.662288
P40580,4016.693184
P25040,9034.827038
Q06385,7371.695477
P32316,4732.279972
P02829,143821.2023
P38120,2030.34099
P08018,10493.81652
P04456,46768.58684
P00546,22550.52333
Q12404,12957.29881
P00890,7539.97803
P43616,41602.93083
P43590,5659.694607
P11484,13264.42862
P32610,38516.37152
Q04869,26353.59902
P23254,109486.8672
P32386,2813.995169
P32472,16412.42533
Q03124,1900.078726
P53875,1489.567775
P53140,458.9543194
P32486,14983.42155
Q3E757,43522.47683
P27616,11253.1068
P00925,1316405.716
P05375,3388.074305
P40084,1097.44035
P13130,70.08022961
P50896,1824.164901
Q06251,797.9535895
Q01080,1873.780886
P40961,6261.106763
P53170,622.5845772
P46985,2029.914555
P38701,47526.42598
P32481,14502.97999
P22936,11060.26669
P00410,2086.539238
P52489,6360.233409
P53691,48401.22908
P39533,6317.523982
P38342,564.4152725
Q12518,2117.137777
P41818,22889.17162
P38858,9476.314154
P38304,1482.254238
P38861,4526.341801
P30402,539.3253667
YBL068W-A,0.0
P08067,5223.46477
P54787,2078.834979
P36151,8886.101611
P47089,5015.328712
Q02630,2532.735263
A5Z2X5,3735.873416
P10963,6605.950804
P00425,1755.386493
P00447,20344.50378
P33332,1504.012959
P33333,4813.2553
P53754,553.8011647
Q3E772,2145.06441
P32783,4728.5578
P22135,1228.273475
P12687,2321.960698
P32528,16931.61669
P21801,3609.687987
P25374,13047.39009
Q04373,4197.198635
P38781,916.0983367
Q12024,9541.122263
P38755,3238.133966
Q02201,1964.998185
P38137,15552.92838
P30624,14208.69171
P25303,12630.02097
P06785,21982.24924
P53551,2886.561979
P53128,4332.907465
P26793,1674.917054
Q03102,7664.444534
P38199,4641.878386
P15367,11066.00271
P48363,25754.5889
P46988,1699.449345
P10964,7868.821229
P0CX11,566.654468
P0CX41,8276.731843
Q12523,1896.687031
Q03361,788.9992025
P36015,29988.13608
Q12044,6273.555154
Q12207,14633.99583
P43545,2446.466755
P13181,4460.583633
P32467,8627.806791
P17423,7260.484037
P23292,3173.930822
P05319,25440.33806
P07285,2910.65291
P39708,1087.554744
P08566,11762.22598
Q02455,1275.786065
Q96VH4,6926.789084
Q05521,1251.399228
P39926,6572.617265
P00331,1479.77
Q01852,5752.347419
Q04739,15729.94713
P23641,10776.49984
P32288,24461.99934
Q99383,21275.9406
P35207,2482.466538
P38966,717.9438013
P23248,72566.10616
Q07623,7891.198839
P26637,32085.85372
P32453,2062.249194
P53941,19983.46079
P27472,19012.07154
P53278,4189.556213
Q05892,1372.137395
P39705,3494.526347
P33330,17001.21359
Q03559,14902.60729
Q05583,1165.150173
P30657,22899.13972
P23202,7844.289326
P47135,9422.779901
P15303,25439.79068
Q3E841,6913.096611
P38715,21292.1219
Q02784,2608.362898
P21576,22493.6833
P28707,45164.94717
P32471,104846.6844
P17536,124629.7909
P38793,13090.72556
P42846,2735.696492
Q04304,9524.780568
P38886,8268.026955
P06704,1793.305783
P40328,280.2818258
P04807,189136.2954
P22137,14387.39715
P25039,3627.428708
P33442,33460.19626
Q04847,681.8751677
Q04491,25132.7175
P32558,10095.17007
Q06697,3430.932482
P15700,11752.13224
P32485,11154.88712
P41808,2302.182014
P32449,16895.85109
P08466,2129.681196
P39744,2159.44816
P26754,7499.77382
P38116,14789.42327
Q06506,1649.997
P05694,77378.57394
P25385,14348.49162
P40529,354.5530894
P0CX83,55328.7609
P53628,1389.079959
P53281,24058.07201
P38172,6850.335334
Q07844,2964.26174
Q08235,30241.69365
P11633,3844.617296
P22353,2375.113043
P22138,9624.720799
P45978,13154.33202
P38866,33.95271912
Q04792,3869.961234
P23369,1474.689052
P33311,1513.906036
P08518,8711.055789
P35719,14398.86603
Q12499,18106.76973
P40540,11391.27757
P38712,3162.383576
P13856,4461.333058
P38219,52934.22006
Q12287,9572.990363
Q08732,17790.83429
P54861,4896.446701
Q05515,23563.87385
P80210,17562.69436
P10662,2661.404719
P0C0W1,28083.62396
Q00055,37205.24459
P40017,934.7282434
P32457,22002.95441
P17649,14225.79907
P25605,7240.680285
P19073,3257.940527
P08431,809.1842441
P30771,2879.351416
P02557,26059.47031
P53301,37361.13214
P46367,14419.9612
Q06147,11186.3524
Q12375,1175.728531
P38998,14098.62795
P28007,44398.1802
P26784,22057.55421
Q06137,1608.800044
Q06178,10589.43992
P54114,2512.567691
P39107,12076.57738
P14832,144718.1763
P47047,2619.307232
P25299,25150.36585
P38707,25315.80296
Q05506,17702.35482
P04161,30888.03734
P05739,20545.28758
P32830,2821.205517
P38113,3932.575166
P10622,70800.67594
P09435,10825.44525
P40093,11010.16308
P32477,2295.582567
P24031,2045.640114
P35842,3155.338581
P00635,955.6625128
P32796,153.2313878
P20606,29509.11007
P38069,3608.478514
P00899,12319.64556
P15180,25274.34909
P32353,13087.48824
Q99210,5715.006484
P40212,34535.76673
P13663,17885.20649
P15424,3308.467169
P09436,26849.37957
P04801,20698.14667
P36124,161.9601447
P38132,2649.048292
Q12178,19962.24437
P36527,757.5618679
P40579,12953.23159
P00127,333934.3738
P38809,2663.576007
P38885,8042.268391
P36046,2295.56023
P53753,1796.546773
P38777,20603.21136
P23615,4989.584397
P53250,7033.141323
Q06142,22734.00171
P48164,36830.01864
P0CX49,37110.81312
P22147,8091.296107
P00359,2268686.068
P46955,216.3961542
P25339,2329.104274
P18961,1096.340779
P46683,12842.72196
P25623,4669.976631
Q03028,598.3281929
P35127,7510.449519
P39969,1863.848921
P47044,9609.059174
Q12452,4586.86827
P47016,1522.962234
P36775,4307.523074
Q05022,4997.056878
Q12122,12188.08991
P18562,29782.75714
P00830,25657.01956
P43574,4558.469548
P07257,13789.09732
P39692,2920.820343
P53252,21094.35104
P29340,2030.723146
P15992,11493.2792
P36150,684.4592743
Q12213,14947.60307
P28625,2198.359509
P53756,549.9751555
P47057,5489.41694
P38248,14082.8437
P12611,5400.758905
P04046,7547.317016
P40019,5727.679962
P52917,3003.271308
P11914,3502.970054
P47039,5452.316247
P25298,1958.204829
P36156,1754.511397
P40096,2900.571082
Q04409,10420.42222
P40368,1676.346726
Q12515,7602.176418
P32803,17141.66825
P10356,3655.964562
P25357,9731.060834
Q04338,3205.24537
Q04322,5609.247944
P12904,10350.1506
P34220,8282.922178
P39730,16178.14229
P05750,58302.71576
P00431,11178.27901
P46959,957.2088956
P53090,17584.50453
P17106,4069.087751
P46681,11836.98829
Q05359,15621.62213
P37898,6585.227824
P22517,11592.78645
Q12285,14066.088
P09232,10880.66156
Q01532,6883.213024
P05317,36438.82651
P32474,20663.93632
P42942,5840.191443
P47141,2272.012392
P19262,4522.066709
P21375,6452.399634
P36421,19767.14504
P38764,17989.17148
P41807,13189.79599
Q07653,1774.774739
YML039W,0.0
YAR009C,0.0
YDR210C-C,0.0
YDR210C-D,0.0
YDR365W-A,0.0
YDR365W-B,0.0
P19358,50896.87415
Q05775,21971.25071
Q05926,5612.956145
Q12303,5039.526819
P53981,25359.30129
P42826,2075.755839
Q12028,518.4336967
Q08977,15511.57632
P18239,19641.94117
P04710,1224.564867
P53859,3092.254487
P32573,262.5810858
P53095,4020.746874
P81449,3591.823668
P31688,12724.11519
P25367,4223.022964
P41921,11816.172
P14306,16095.1206
Q03735,2186.399221
P38822,1958.563689
Q00816,33917.0706
Q02875,1400.965729
P15179,522.5140089
P25372,5131.497464
P49334,10685.35498
P53191,4670.896486
Q12220,2083.639745
YCL019W,0.0
YBL100W-A,0.0
YBL100W-B,0.0
YCL020W,0.0
YFL002W-A,0.0
YFL002W-B,0.0
P18408,3146.643613
P40513,3688.91203
P37296,9342.450346
P27809,12956.13582
P29469,983.2018976
O14467,25040.64596
P32497,17696.76427
P33759,2204.960446
P53889,10370.1791
P0CX52,21607.76823
Q12460,17234.69774
P38234,5443.79793
P04806,30968.18066
P00427,6761.075346
P36521,1740.778822
P40029,10777.38836
P0CX44,81355.82727
P47977,3267.262512
P38325,10873.17479
P31373,42550.0704
P32469,11951.72425
P10823,2423.396417
P31383,7386.723812
Q03497,2039.483027
P40986,1384.861773
P32607,2676.279541
P38281,5882.51103
P15624,35512.50833
P21242,19611.7492
P25349,5144.719763
P40523,1140.265868
Q08647,9140.764948
P20459,20584.3176
P36110,6939.802242
Q05543,1822.982913
P07275,12356.52518
Q05040,5793.487306
P32454,6713.084386
Q08561,9631.423653
P40422,6792.779985
YDR119W-A,0.0
P53060,3072.197546
P20433,11726.82823
P07246,10285.60333
P38349,4489.033086
P19414,28529.43024
Q99316,7973.659517
P10591,200416.9758
Q07458,1182.908444
P39076,24367.98414
P38624,33064.82525
P38249,21375.40914
P53163,5627.912742
P53094,985.7782862
P38825,5459.646741
P25694,37450.71342
Q99321,9097.977548
P32317,2137.730762
Q00764,35302.57262
P0C2H8,41369.73684
P0C2H9,18569.28475
Q06624,6433.735231
P47120,28433.73629
P38736,3043.256401
P35996,2850.325217
P0CT04,39410.06407
Q12532,4782.14895
P38523,13613.0607
P53091,2813.299934
Q04279,1597.886777
P11076,56941.3913
P40055,15681.39888
P38810,8805.639827
Q12402,12858.5799
P36076,5227.880554
P43598,3708.923646
P38771,10637.2622
P34160,3784.018857
P00812,26012.90644
P07806,31030.63235
P36008,53117.90339
Q05785,1672.748949
Q07825,7009.901727
Q99288,1609.395283
P39968,6903.257429
P43321,7152.220614
P39960,1039.079979
P40033,931.6676533
Q05468,1630.226974
Q12525,748.425406
P09734,7422.729173
Q06608,7931.720746
Q12117,12828.26402
Q12008,6121.410554
P36064,547.0827269
P42935,3148.283201
P34164,301.0491454
P47119,36656.99145
P38230,626.7596432
Q3E754,180317.7901
P28495,8506.405276
P20436,3551.450087
Q12743,5017.379992
P32476,6733.687826
P43555,4519.242798
P39683,19855.77687
P33767,15622.28208
P36531,12234.61341
Q03063,2075.563701
P38636,20859.58967
P40502,2051.255263
P38874,3669.540355
Q03390,4290.842688
P32563,12810.06067
P52893,11663.68364
P36037,7197.360657
P38266,918.518282
P17442,2127.552993
P39742,9005.697305
P32794,5659.307955
P0CX53,30570.10118
P36059,3271.454235
Q12331,4647.989844
P37292,16472.52607
Q3E752,930.4333509
Q05584,15167.71716
Q06177,14538.14391
P39979,2162.618512
P53221,49975.81747
P46957,7075.920719
P22213,8708.592919
P32608,6815.946872
P07251,26831.80967
Q12100,1916.417951
P22134,1388.913404
P53982,1027.346923
P33322,11143.8787
P27999,4071.519843
Q04599,2842.851805
P27810,12604.59054
P14020,18954.01342
Q12199,4679.882617
P14907,7580.438491
P01120,7900.847625
Q12091,6219.010449
P38428,14025.23939
Q12165,29782.15181
P47177,2717.87378
P35191,8548.210548
P40858,7043.141673
P32775,2870.319794
P38985,7922.803967
YKR059W,41693.40185
Q12513,6581.56424
P32191,2731.245212
P0CX23,30066.71087
P38088,34298.21475
Q05979,7626.553268
P38627,4510.36621
P25608,3267.089343
P32604,646.5412777
P41810,11995.25689
P38169,972.0187831
P06787,32985.50736
Q03323,3208.711842
P38879,87399.75259
P13045,617.314673
P38682,11219.65012
P43594,16385.58528
P25343,8991.742319
P40202,4962.303038
P50094,56265.64457
P32495,41380.74936
P47079,14536.54349
P15625,36082.20255
P40150,70877.56293
P53265,4724.724929
P53318,4012.890883
Q03104,4287.102666
O14455,20445.04716
Q08985,10937.98207
Q04898,11650.88452
P17157,2810.933674
P38167,1596.433622
P39105,4683.205987
P49775,5097.209798
Q12271,2595.458993
P41939,7221.986092
P40970,3877.139509
P41940,129829.1121
P40185,28636.69179
P46956,5047.507469
Q06494,3765.85645
P00358,57728.48308
P38758,2920.62983
Q12296,23865.31176
P25515,8832.140467
P02992,9940.725798
Q12355,5270.783222
P32910,10947.67475
P40327,21677.73603
P42842,2214.340601
P28003,1018.585454
Q04307,22311.74261
P52490,5913.702384
P40477,3629.875364
P06782,4424.127638
P40496,2244.320685
P21269,7772.064943
P01094,2201.591808
P17255,52953.38556
Q12497,3639.243591
P00942,146576.3205
Q03778,3315.702874
P41543,21621.64375
P12753,3175.909948
P36112,8007.93481
P12385,29197.1141
P32379,21169.76167
Q08952,477.6645401
P38352,3426.789588
Q02785,3477.609698
P17709,24844.57786
P39936,9697.463379
P04397,1398.255455
Q12109,24076.87536
Q06709,9167.923769
P15705,61317.80251
P23724,14741.96826
P38754,26682.76315
P36105,32887.71042
P17119,2097.010883
Q08686,10172.11717
Q03020,3796.843823
Q03661,3219.203452
P39006,1224.512382
P53316,3198.212472
P16521,143456.0701
P40069,25231.60307
Q06336,3600.029563
P25638,4701.028459
P39517,9655.929712
P53332,5372.916839
P28239,1371.467683
P50945,969.3359987
P52871,3679.05334
P40531,22735.93886
P20449,9496.827648
Q03337,7109.074777
Q02046,8928.963945
P09440,11941.3552
Q08965,2975.887304
P41903,1554.117604
P16387,25890.72388
P80428,2871.960825
Q12211,5339.039548
P07149,59269.91312
P38711,39304.669
P00044,137789.7493
Q06639,8704.920264
Q07938,3813.930157
Q08193,5253.384067
P47133,5018.887664
P41058,76387.65609
P50946,1513.166628
P00729,13388.61894
P53141,45273.96686
P07260,53005.98644
Q03835,2765.146108
P33298,7898.749511
P30902,13815.88238
P07703,11140.67449
P09064,13789.28523
Q07914,2447.034667
P20486,15009.68823
Q06493,8485.565052
P38816,1551.816307
Q12125,4882.991289
P32337,4323.990979
P43567,1510.187426
P39935,14300.60652
Q06839,9096.66852
P40414,9982.631228
P48362,3374.600619
P34243,4283.479757
Q12480,13312.18092
P35734,1877.45069
Q12329,23512.84602
P16451,11262.5421
P23644,11850.37502
P40070,4124.045738
P53319,2915.289234
P23542,38113.65248
P47127,2234.491507
P39525,1965.530453
P32451,2570.164805
Q08972,19297.40233
Q07478,38772.89171
P43639,3323.153343
P33307,4035.611863
P14772,4153.842793
P18851,1945.950319
P53082,926.8786539
P38737,1526.853046
P20485,2773.392135
P38804,11964.52449
P32939,6751.746039
P33754,15995.19641
P40893,7064.806825
Q06505,6472.346629
P40457,1938.89875
P38836,5768.295894
P40343,2044.682294
P30656,21976.19743
P32790,7059.173552
Q03010,2553.723918
P38360,2495.083179
P40210,1228.797219
P47001,51833.18055
YJL160C,0.0
Q12672,82020.05082
P48353,4016.959671
P29509,31814.46526
P12686,5282.623797
P34241,9011.359674
P19956,1248.150292
Q12377,10423.50888
Q06705,7319.99009
P32364,1912.246938
P16140,28339.11629
P49367,6491.236933
P38250,2787.937451
P53081,8724.978371
P40032,9633.76445
P51601,3470.319167
P43582,7366.415606
P40159,34218.48191
P38115,16897.96563
P54885,7253.654718
P0CX32,52175.31877
P0CX34,68597.48327
P32897,4946.537895
P34167,34191.18127
P40010,6157.4774
P49166,20302.78534
P32660,1643.991345
P31539,42788.83019
P40506,6897.419107
P11655,3586.986831
P38197,6502.36235
P39101,10593.61234
P33315,5909.639001
P50085,4708.587595
P23337,1015.566987
Q07872,1179.602816
P50095,39957.14361
YAR075W,0.0
P10664,338784.3655
P53144,2382.690008
Q08969,1069.392015
P40160,3306.425026
P53549,17004.45418
P09201,1796.98962
Q12009,3377.40937
Q3E7A9,2524.928131
P46655,32535.63902
P47018,7188.743381
P39990,37064.30786
P07170,101013.9835
P36108,3950.781942
P25451,19862.47524
P17883,7246.634437
Q04119,1340.882715
P32599,21219.55933
P32626,7384.086284
P0C2H6,6184.625907
P39925,5137.840566
P53330,6641.828706
P53759,1378.739097
P39974,0.0
P48361,1876.960155
P51402,18503.10607
P40052,7589.746363
P38708,26309.51446
P53066,14239.62221
P38911,16995.36146
P48365,1473.840242
P23201,3844.826079
P39945,5748.235317
P22803,42123.11283
Q02889,3996.144438
Q08601,6687.664012
Q03430,3071.86292
P24784,3941.77904
Q07418,8080.207555
P38821,8476.207351
P32909,2860.245607
P07245,33108.89868
P11154,17872.35181
Q01163,2027.935324
Q03629,7897.34419
P34087,5509.32444
P32832,2536.626276
P14065,8037.416552
P04449,92439.24092
Q12029,10413.15289
P37302,17065.15763
Q12406,4813.541448
P32591,4198.987383
YOR133W,44002.10096
P40348,5503.513183
P40303,19932.28947
Q12288,3134.076702
P32774,15590.60774
P39526,1521.899174
P43593,12479.49053
P40081,5752.516363
P40533,6607.712484
Q6Q560,8780.324055
P38993,2663.734479
Q02486,25025.37287
P07278,12397.76652
Q08971,9923.732982
P00330,121135.8465
Q02799,758.058776
Q12272,2980.006102
P47150,3125.047159
Q01159,3431.213059
P22211,2589.586483
P32565,11625.18163
P46669,3952.907013
P32319,8257.507731
P40438,1404.563533
P38828,13073.53845
P0C0V8,89437.05172
P40582,6656.128645
P35844,29802.64822
P38628,12608.09171
P07266,1347.032366
P38205,11352.86258
P53199,12122.77498
P21243,22911.82337
P40416,3291.435477
P32771,12861.14769
P35723,8777.057421
P16120,58516.80104
P04840,18771.67777
P33327,9020.728312
P18238,1080.0
P47182,4442.0
P42884,3504.0
Q08361,3504.0
P25612,3260.0
Q07747,3504.0
P53909,7949.0
P32357,1034.0
Q01802,3450.0
P14164,6206.0
P47146,1248.0
Q08641,9715.0
P15891,19342.0
P37254,2596.0
Q03266,1654.0
P39970,1366.0
P21192,538.0
Q12168,1766.0
P47129,2410.0
Q07622,1153.0
Q03771,4073.0
Q08981,1260.0
Q01574,4496.0
P52910,42561.0
P60010,59660.0
Q02336,2389.0
Q03233,2292.0
Q05911,32589.0
P54113,12049.0
P21264,12048.0
P07244,28081.0
Q2V2Q1,255.0
Q04894,14717.0
P25377,2020.0
Q03677,2967.0
P26364,1165.0
P47143,41323.0
P25371,3611.0
P07248,1576.0
P25613,1298.0
P32493,980.0
P22136,1588.0
Q12089,1688.0
Q07988,3265.0
Q99222,235.0
P33304,329.0
P22149,2431.0
Q08957,139.0
P32323,2577.0
P32781,1599.0
Q12482,376.0
Q04412,597.0
P25376,4012.0
P38090,1923.0
P43548,0.0
Q12449,13820.0
Q12433,754.0
P25649,1384.0
Q07454,368.0
P38013,291203.0
P03875,353.0
P03876,271.0
P03877,1029.0
P03878,128.0
P52923,1560.0
P39965,2644.0
P87275,1329.0
P53109,1275.0
P38884,1871.0
P40451,1633.0
P40563,3655.0
P47051,1147.0
P47015,1857.0
P47140,1613.0
P36154,4893.0
P39721,5934.0
Q04689,1164.0
Q04516,0.0
Q03673,1940.0
Q03798,2524.0
Q08223,506.0
Q12032,6997.0
Q99299,238.0
P38305,1494.0
Q12156,3849.0
P40053,7830.0
P46680,12185.0
P43597,3459.0
P40507,1851.0
Q12476,1750.0
P38080,4059.0
P39010,4094.0
Q12013,915.0
P40825,47441.0
P47019,5163.0
P47771,4738.0
P54115,135000.0
Q08548,2998.0
P53904,2398.0
P53954,2867.0
P53730,3337.0
P53178,1883.0
P38242,1855.0
P16661,2334.0
P43636,3056.0
P38179,1472.0
P40350,3009.0
Q12001,2035.0
P07286,599.0
P40351,635.0
P53868,3829.0
P43633,936.0
P32789,541.0
P54783,9493.0
Q08269,1312.0
P43553,1558.0
P52892,1716.0
P36117,1667.0
P47029,1946.0
P15274,3973.0
P22580,561.0
P38313,1545.0
Q08902,1184.0
P38285,1682.0
P19211,7323.0
P32629,3411.0
P36090,2524.0
Q06497,2250.0
Q03687,3402.0
P16550,19870.0
P22108,2833.0
Q12157,2709.0
P53886,209.0
Q12440,388.0
Q04601,1364.0
Q08683,424.0
Q12107,1694.0
P14904,8293.0
P53940,1068.0
P27351,2237.0
P36000,3426.0
P38065,2047.0
Q08951,4481.0
P46682,4197.0
Q00776,2995.0
P38700,930.0
P38153,2447.0
Q99186,1935.0
P38207,395.0
P53933,1068.0
P40532,2755.0
P35181,2393.0
Q00381,1390.0
P47064,3356.0
P49435,14278.0
P36973,2622.0
P53943,1755.0
P0CD90,1579.0
P43549,182.0
Q04212,1370.0
P40024,32089.0
P40518,11932.0
Q05933,11539.0
P33204,5918.0
P46672,38196.0
P53731,13065.0
P38328,7898.0
P07347,5599.0
P25628,1141.0
P53629,3028.0
P19146,10072.0
P40994,3570.0
P40360,1956.0
P07249,963.0
P05085,251.0
P07250,2720.0
P53111,9003.0
P53974,1590.0
Q02804,2024.0
P38731,823.0
P38724,1204.0
P28777,18044.0
P32178,7041.0
Q04052,345.0
Q04549,8.0
P38696,1068.0
P32381,16063.0
P47117,14242.0
P53946,3202.0
Q12509,1182.0
Q12386,2961.0
Q05123,4933.0
Q06596,1157.0
Q06598,0.0
P18634,540.0
P53244,1317.0
Q06541,1322.0
Q03862,11002.0
Q06822,863.0
P38011,103354.0
P50275,844.0
P32447,4258.0
P32448,1240.0
P40467,3190.0
P46993,2071.0
P34233,889.0
P54074,411.0
P53895,1035.0
P53983,289.0
Q05166,3387.0
P49089,48488.0
P49090,30867.0
P38986,11287.0
P0CZ17,0.0
P0CX78,0.0
P0CX79,0.0
Q06834,1333.0
P35183,3018.0
Q04005,660.0
P16639,2030.0
P40353,1734.0
P53296,2217.0
Q12527,961.0
Q06628,1536.0
P38270,15173.0
P25641,850.0
Q03818,1478.0
Q06410,746.0
P43601,1929.0
P35193,1152.0
P53104,1588.0
Q07528,2160.0
Q02887,1931.0
P25568,1068.0
Q06671,969.0
Q06321,1446.0
P46989,4433.0
Q12092,2407.0
P53855,842.0
Q12421,486.0
P40458,1207.0
Q06485,2259.0
Q12292,1077.0
P46983,0.0
Q05789,933.0
Q06159,1159.0
P40344,2150.0
Q99325,1890.0
Q12048,1492.0
P38109,4606.0
P53867,2031.0
Q12380,648.0
P38862,1162.0
P38182,2400.0
Q12142,767.0
P48016,345.0
Q12359,2211.0
P18496,1890.0
Q12349,16282.0
P21306,14543.0
Q06405,5942.0
P81450,5122.0
P81451,3710.0
Q12233,4748.0
P50273,867.0
P53722,1262.0
Q03153,1522.0
P38077,18490.0
P05626,20801.0
P09457,24239.0
P00854,1077.0
P13090,1926.0
Q03263,1144.0
P31386,998.0
Q12067,1688.0
P36107,4305.0
Q08409,10541.0
Q12500,3799.0
Q08236,769.0
Q04749,1273.0
P47082,1596.0
P39981,759.0
P36062,1378.0
P50944,1494.0
P38176,294.0
P40074,1337.0
P40501,1275.0
P40851,694.0
P38928,2006.0
P40471,3744.0
P41696,1058.0
P50080,1071.0
Q12128,645.0
P38084,6997.0
P41815,5922.0
P22035,1754.0
P47176,15613.0
P47068,10019.0
Q12365,1466.0
P38772,1723.0
Q05029,4430.0
P36122,1287.0
Q01389,798.0
P33306,1165.0
Q06338,6452.0
P32839,1538.0
P35817,6880.0
Q07442,2374.0
P39714,10791.0
P39713,2411.0
P46678,2215.0
P29366,3046.0
P32873,2687.0
P39011,2027.0
Q06688,2316.0
P22804,3620.0
P20133,1520.0
P36149,3778.0
Q00618,1743.0
Q03630,1226.0
P47113,756.0
Q06631,6802.0
P15703,25110.0
Q9ZZW7,183.0
P38813,1510.0
P11709,1830.0
O14468,3005.0
P40013,2653.0
P47134,1518.0
P38346,572.0
P47041,1070.0
P35727,1658.0
P43583,2995.0
Q06071,468.0
P29311,65471.0
P34730,42982.0
P38278,623.0
P40493,1200.0
Q12291,2052.0
P47125,578.0
P43619,3771.0
Q04066,3086.0
P41832,2202.0
P53858,2132.0
P53890,3847.0
P40450,584.0
P50084,1172.0
P38041,2526.0
Q3E793,3455.0
P39724,1951.0
Q06150,7728.0
P53958,1204.0
P53838,451.0
P25356,234.0
P48445,4195.0
Q07457,3447.0
P43132,1387.0
Q07660,426.0
P53741,7140.0
P29056,2239.0
P38770,1413.0
P38170,1150.0
Q99177,1583.0
P32639,1898.0
P53062,2516.0
Q12140,0.0
Q05611,1305.0
Q08280,1407.0
P38356,2139.0
Q06604,2550.0
P43571,434.0
P53286,1939.0
Q12051,2202.0
P40314,1954.0
P41695,414.0
P26448,591.0
P26449,1233.0
P46947,2089.0
P27637,3621.0
P39988,1426.0
P53727,2557.0
Q08004,5349.0
Q08492,3083.0
Q04347,3975.0
P25627,4050.0
P43573,2709.0
P33314,1615.0
P25337,2501.0
P53323,2676.0
P25558,2207.0
P47136,1600.0
P25300,1080.0
P41697,2208.0
Q08754,2070.0
P41698,477.0
P53226,952.0
Q12191,4201.0
P48524,2774.0
Q03758,1622.0
Q05949,2508.0
P48558,1452.0
Q04430,3663.0
Q03941,2249.0
Q04199,2486.0
P24813,1183.0
P53836,1994.0
P53280,1258.0
P43569,4946.0
P12962,17776.0
P53829,3590.0
P36130,1771.0
P43568,3296.0
P29547,23200.0
P04817,3618.0
P13517,7206.0
P07991,21955.0
P41735,2298.0
P39113,827.0
P53223,2547.0
Q08920,6111.0
P32504,1505.0
P53894,2674.0
P07252,1965.0
P03874,1814.0
P21560,3987.0
P07253,4089.0
P38626,6294.0
P14066,556.0
P14905,2140.0
P36038,1150.0
P47818,3502.0
P38995,1155.0
Q03702,979.0
P50077,633.0
P37366,2432.0
P48237,1300.0
P31384,4896.0
P39077,21093.0
P39078,20420.0
P40413,18486.0
P39079,13342.0
P42943,16084.0
Q12127,13881.0
P38273,1101.0
Q06702,1245.0
Q06703,0.0
P25342,7156.0
P32458,7235.0
Q05791,3142.0
P32468,11544.0
P32797,319.0
Q00684,3030.0
P27636,1225.0
P09798,2073.0
P00549,144590.0
P26309,2175.0
P16522,811.0
P11433,3501.0
P14724,2537.0
P38042,955.0
P14682,4374.0
P06100,3237.0
P25655,6644.0
P40968,1630.0
P18898,2069.0
Q08032,1632.0
P07834,1191.0
P25656,1900.0
Q12018,3627.0
Q00362,3899.0
P32562,319.0
P09119,2353.0
P06243,1562.0
P00572,2928.0
P04819,3108.0
Q06549,3117.0
P53197,632.0
P38221,8865.0
Q03654,1168.0
P40969,1292.0
O13297,3705.0
P40558,1285.0
Q06632,2002.0
Q12102,2009.0
Q03705,4266.0
P53188,4838.0
P25379,8233.0
P43634,402.0
P32657,3713.0
P38147,748.0
P22516,394.0
P38907,606.0
P47048,1930.0
P08456,5614.0
P05374,7198.0
P08004,2492.0
P14180,867.0
P29465,2544.0
Q12114,7563.0
P40955,986.0
P38843,2296.0
P38829,2753.0
P38779,11189.0
Q01649,1091.0
Q04162,0.0
P40987,984.0
P46670,1401.0
P39110,1143.0
P40917,1905.0
P27895,763.0
Q02606,3054.0
P42940,7540.0
Q08822,3898.0
Q06139,2806.0
P43635,1233.0
P15790,6651.0
P19454,6548.0
P38930,4469.0
P48562,2091.0
P24868,576.0
P24869,339.0
P24870,892.0
P24871,99.0
P30283,521.0
P32943,0.0
P17891,9998.0
P53264,160.0
Q12309,1170.0
P35190,1209.0
P20437,796.0
P20438,1801.0
P13365,873.0
Q03690,20475.0
Q3E7A4,1830.0
Q06152,830.0
Q3E7Z5,7407.0
Q2V2P7,477.0
P27466,3461.0
P14747,4495.0
Q12510,1850.0
Q12275,823.0
Q12145,2004.0
Q07897,4463.0
P23287,3891.0
P25296,4890.0
P27825,1135.0
Q06333,1317.0
P53865,1901.0
P43618,1283.0
P33313,4303.0
P40452,2572.0
Q3E7B2,2530.0
Q05809,2060.0
Q3E846,3202.0
Q03048,47902.0
P53079,2425.0
P53271,1989.0
P40094,2578.0
Q06096,1744.0
P53951,2271.0
P53959,2524.0
P53195,2389.0
Q04632,3030.0
Q3E6R5,2399.0
P53622,16265.0
Q08058,801.0
P18900,2868.0
Q3E762,4720.0
P32378,901.0
P27680,1264.0
O13525,2488.0
P49017,6234.0
P27697,2272.0
Q05779,2971.0
P07256,13995.0
P52924,1500.0
P38308,174.0
P53053,1188.0
P53822,2046.0
P0CX12,1009.0
P0CX13,639.0
P43542,224.0
P47187,163.0
P53344,3075.0
Q07788,1103.0
P38723,2724.0
P36034,807.0
P32798,3101.0
P21592,0.0
P19516,1702.0
Q01519,5348.0
P32799,4547.0
P39103,2763.0
P40086,6031.0
P47081,950.0
P53239,644.0
Q3E731,4007.0
P00401,2440.0
Q04935,2558.0
P38824,2305.0
P04037,9410.0
P00424,3670.0
P10174,4869.0
P04039,3613.0
P07255,6217.0
P34237,4591.0
P07258,9502.0
P53314,1864.0
P25719,17217.0
P25334,1513.0
P47103,3345.0
P53728,2118.0
P27614,10500.0
Q12289,603.0
Q07560,699.0
Q04930,0.0
P38845,11009.0
Q05790,0.0
P53852,9429.0
Q08226,374.0
P53968,2519.0
Q06538,523.0
P33308,1895.0
P36012,2937.0
Q12150,153.0
P35206,3749.0
P38287,1300.0
Q04368,649.0
Q08054,2174.0
P25651,2410.0
P40465,1182.0
Q04659,1105.0
Q03981,917.0
Q12734,836.0
P40442,1579.0
P43600,1180.0
Q08300,1150.0
P38226,1964.0
P40535,2514.0
P15202,1032.0
P35203,724.0
P49956,1921.0
Q02732,1265.0
Q12748,319.0
Q01454,4261.0
P38877,1068.0
P47976,1730.0
Q08923,2308.0
Q03957,1879.0
P46962,1590.0
P46963,2635.0
Q03220,379.0
P38818,1608.0
P25616,1479.0
P38152,2068.0
P49573,4222.0
P38865,2463.0
P25355,2603.0
P89105,6036.0
Q06350,1628.0
P36075,589.0
P53137,2561.0
Q04201,3359.0
Q08412,5731.0
P53202,1039.0
P0CX80,2815.0
P0CX81,2394.0
P15315,1453.0
P41817,506.0
Q02554,1830.0
P53830,1550.0
P53899,2645.0
Q03772,2827.0
Q03375,2120.0
P53333,2011.0
P52868,1647.0
P53769,1131.0
P53854,2041.0
Q02770,1483.0
Q12046,1829.0
P25618,2180.0
P28319,6791.0
P43497,52209.0
P38909,1354.0
P06182,2357.0
Q07533,1515.0
P08678,3250.0
P32582,45620.0
Q00873,1471.0
Q12248,2459.0
P36162,2144.0
P69850,2282.0
P69851,3151.0
P54838,19765.0
P43550,246.0
P32375,1465.0
P25335,297.0
P32459,1181.0
Q04895,0.0
P15365,1617.0
P21826,818.0
P26343,0.0
P21657,1533.0
P21705,1148.0
P53267,1209.0
P47179,2844.0
P18962,3103.0
P47005,590.0
Q12084,2826.0
P13483,2776.0
P32328,2072.0
P32325,902.0
Q12389,5504.0
P24783,21619.0
P20447,11233.0
P36120,2691.0
P38719,3310.0
Q06218,5914.0
P24309,1493.0
P25559,1608.0
P06773,1510.0
P32460,1133.0
Q06409,1281.0
Q12395,850.0
Q12517,3238.0
P53550,5739.0
Q05924,1672.0
Q06151,11214.0
Q12123,6694.0
P43595,1166.0
P36091,4673.0
Q08949,582.0
P40087,3840.0
P0CH63,1146.0
Q12204,657.0
P89113,2910.0
P18899,10661.0
P06634,25034.0
P35732,20936.0
P31115,2973.0
P31385,2408.0
P38307,522.0
P40526,650.0
Q99234,1148.0
Q05031,3152.0
P07807,2745.0
Q08650,1431.0
Q12382,3480.0
P32330,504.0
P36009,1758.0
P54005,1748.0
Q08496,0.0
P52290,0.0
P38705,1246.0
Q06819,1960.0
Q06143,2896.0
P69771,5709.0
P50076,1357.0
O13577,2304.0
Q03373,1332.0
P41819,3257.0
P53388,5961.0
Q08162,4297.0
P21623,0.0
P40564,5619.0
P32891,7164.0
P39976,24138.0
P40366,2713.0
Q04216,1200.0
P38823,1722.0
P53924,1743.0
Q03652,948.0
P38859,911.0
Q12675,2836.0
Q12674,812.0
Q08387,1577.0
P32571,1408.0
P53068,1360.0
P33309,4837.0
Q05610,0.0
Q03921,3198.0
P54858,3630.0
Q04089,1310.0
P40553,2860.0
P40059,3048.0
P47027,540.0
P24482,2091.0
P27344,1024.0
Q04603,3148.0
P0C5N3,3919.0
Q02873,1963.0
P53212,2469.0
Q2V2P2,1579.0
P40487,2676.0
P32461,3129.0
Q12429,2339.0
Q12219,1193.0
Q04223,3649.0
Q3E7A3,2482.0
Q05567,4813.0
P04802,33156.0
P36152,4295.0
P53255,2297.0
P32892,5978.0
P39524,3187.0
Q08232,1189.0
Q12015,1295.0
P40077,1189.0
P38844,1715.0
Q08729,566.0
P0CX08,125.0
P38213,1607.0
P48510,6259.0
P53847,2675.0
P40568,1339.0
P39112,1400.0
P32601,1942.0
P07273,7193.0
Q07648,4610.0
Q99247,2821.0
P38149,3136.0
P53871,4218.0
P39009,1729.0
P53168,2746.0
P33413,541.0
Q06053,3630.0
Q06063,2149.0
P33317,5173.0
Q06349,665.0
P36022,1163.0
Q02647,5285.0
Q04949,1018.0
P38791,14180.0
Q06337,1346.0
Q12432,2442.0
P39995,1430.0
P47128,1610.0
P53911,1270.0
P36041,4877.0
Q03212,2046.0
P53208,1308.0
Q03466,1368.0
Q05871,1600.0
P48235,909.0
P39987,10764.0
O13529,1247.0
P35195,4609.0
Q04217,4433.0
Q04623,670.0
Q06011,1798.0
P39715,4041.0
Q05958,669.0
Q02710,3422.0
P32525,3235.0
P47144,16.0
P38241,2306.0
Q06673,1871.0
P38122,2680.0
P32644,2507.0
P38728,1128.0
Q05902,1841.0
Q99252,551.0
Q03214,276.0
Q06200,14.0
P38246,1153.0
Q02202,777.0
P43605,210.0
P33412,3546.0
P53080,2664.0
P40023,4335.0
P39998,4028.0
P34216,12983.0
Q02891,695.0
P38732,3327.0
P38347,1226.0
P47163,783.0
P40516,3752.0
P53200,6853.0
P53970,1448.0
Q03653,3333.0
YDR385W,93385.0
Q02642,46777.0
P40566,1452.0
Q3E830,15147.0
P42835,4803.0
P28817,4212.0
P38295,6878.0
Q03764,1902.0
P53861,1272.0
Q03071,1392.0
P36053,5354.0
Q12050,1053.0
P32801,931.0
P39540,3658.0
P40319,11219.0
Q02908,4751.0
Q02884,2475.0
Q04868,2443.0
Q12155,1806.0
P25606,1381.0
Q12025,5137.0
P25574,7726.0
P36039,3572.0
P53073,3893.0
Q12431,2721.0
Q06287,4943.0
Q04406,1979.0
Q12396,1818.0
P40085,1562.0
P32802,5740.0
P13587,2891.0
Q01896,2448.0
Q12691,2154.0
Q08299,176.0
P39013,4507.0
P00924,99031.0
P38333,6372.0
P48234,6039.0
P47160,9667.0
Q03769,5591.0
P53246,883.0
Q12003,1927.0
Q08651,1634.0
P53938,937.0
P43572,1393.0
P39523,3212.0
P40557,4525.0
P22140,2842.0
Q04660,9039.0
P38767,513.0
P16151,1134.0
P18414,11582.0
Q06551,0.0
P10614,13032.0
P07277,5083.0
P54839,33309.0
P08524,28718.0
P32462,3428.0
P53045,14371.0
P40030,3244.0
P40207,2886.0
P32352,4243.0
P25340,4000.0
P54781,8338.0
P25087,23127.0
P38604,3482.0
P24521,4868.0
Q12403,3442.0
Q12450,4267.0
P38819,1651.0
P53198,1022.0
P0CX10,1991.0
P42222,2151.0
P17261,0.0
P38140,713.0
P53173,7503.0
P38312,825.0
P54837,13236.0
P53337,6567.0
Q12284,2787.0
Q04651,4043.0
Q08649,1772.0
P53918,2071.0
Q06340,1263.0
Q08119,776.0
Q06344,5700.0
P53743,3490.0
P40456,749.0
P36168,643.0
Q03018,707.0
P22696,5167.0
P17214,1203.0
Q06163,1154.0
Q03096,1792.0
P38748,835.0
P38071,9388.0
Q08421,6756.0
Q04461,238.0
P23776,6165.0
P52911,2727.0
P39875,140.0
P38289,1680.0
P19658,2434.0
P38261,2620.0
Q07541,4979.0
P39002,4023.0
P34756,652.0
P38913,1855.0
P40546,2296.0
Q12099,2203.0
P53971,1091.0
Q12055,4401.0
Q06001,454.0
P53917,1567.0
P21268,426.0
P46671,1540.0
P43592,1516.0
P19097,52956.0
P38225,4473.0
P34231,946.0
P40099,2473.0
P14540,737009.0
Q05498,2509.0
Q12035,3410.0
Q03254,2460.0
P40039,994.0
P17064,5492.0
Q08911,1000.0
P40214,1563.0
P25621,2474.0
P38260,9196.0
P40988,627.0
P43561,4041.0
Q08913,1032.0
Q08991,1074.0
P39521,1926.0
P53279,1133.0
P42837,350.0
Q03898,1027.0
P45976,2362.0
P40020,1042.0
Q08906,5744.0
Q08907,3625.0
P40466,1771.0
P41813,1507.0
Q04952,1106.0
Q08967,3642.0
P39719,1797.0
P53121,1732.0
P32768,16097.0
P38124,2531.0
P40464,539.0
P40491,2038.0
P40098,2572.0
P38231,2580.0
Q08023,2152.0
Q06179,1620.0
Q02883,457.0
P43557,1023.0
P46998,1524.0
Q08968,1824.0
Q04991,2037.0
P36141,2775.0
P53233,1156.0
P50264,1386.0
P32785,1137.0
O13329,1687.0
P53848,3565.0
Q12676,2609.0
Q02207,266.0
P53739,2694.0
P20081,29826.0
Q06205,9517.0
P23900,2264.0
Q03219,6428.0
P32614,13630.0
P32791,1528.0
P53746,1141.0
Q08908,2212.0
Q12473,2026.0
Q12333,120.0
Q12209,814.0
Q03002,1427.0
P37261,1214.0
Q06389,2664.0
Q99332,634.0
P39734,2156.0
P38310,4267.0
P40088,5558.0
P25659,736.0
P38196,4648.0
P08417,14997.0
P31381,1519.0
P31380,3730.0
P05316,721.0
P11710,2383.0
Q05670,3183.0
P16892,4800.0
P40492,784.0
P38783,2502.0
P25585,1345.0
P53913,2368.0
Q12247,2451.0
P46949,3119.0
P32805,2120.0
P38297,1772.0
P39012,1932.0
P41733,1889.0
P28006,822.0
P19659,3123.0
P04386,755.0
P04387,1153.0
P22146,23296.0
Q03655,5101.0
Q07928,1271.0
P25555,3171.0
P41814,3876.0
P09032,7227.0
P12754,7301.0
P32501,7882.0
P32502,5999.0
P32656,1903.0
P33892,15455.0
P43535,13923.0
P15442,1548.0
P14741,4129.0
P03069,1648.0
Q03330,2135.0
P07261,1002.0
Q01722,1578.0
P35197,9068.0
P48015,11406.0
P39726,14067.0
P32621,7895.0
Q06625,3532.0
Q02979,2170.0
P41913,2134.0
P38301,1978.0
P47102,2076.0
P39993,3973.0
P37020,1005.0
P39722,1285.0
Q08622,985.0
P38812,835.0
Q12393,981.0
P53171,1920.0
P53192,5602.0
P40056,3871.0
Q04839,2830.0
P25370,704.0
P38817,6979.0
P38785,1464.0
Q06648,1245.0
P53242,1190.0
P25569,1104.0
P40208,1784.0
P53900,7549.0
P40005,6857.0
Q04493,4963.0
Q12263,3100.0
P40036,1803.0
Q03016,3789.0
P39732,1004.0
Q03768,7474.0
Q03833,2162.0
P53849,14474.0
Q12418,1007.0
Q04233,1728.0
P32598,14600.0
Q06104,1575.0
Q12315,1884.0
P40066,3690.0
P36143,1487.0
P47011,1417.0
P18494,1802.0
P13188,18548.0
Q12320,1271.0
Q04399,885.0
Q06201,3071.0
P36125,1904.0
P43577,4091.0
P48813,11584.0
Q12096,3835.0
P46984,2223.0
P53839,6837.0
Q03554,3785.0
P08539,5057.0
Q08886,1975.0
P39717,782.0
P48236,1436.0
P53130,6522.0
P30777,1209.0
Q06636,5059.0
P23797,1370.0
Q07830,2443.0
P47088,1395.0
P53961,15.0
P38875,4148.0
Q04080,3489.0
P38211,123.0
Q04082,1335.0
P53306,944.0
P46961,1474.0
P49018,2573.0
P00950,187918.0
Q12326,3592.0
Q08726,2644.0
Q06543,2507.0
P40106,14975.0
Q12361,1153.0
P36014,2048.0
Q07845,523.0
Q04410,4576.0
P24814,780.0
Q06817,2290.0
P17695,17817.0
P32642,3878.0
Q12438,2453.0
P40989,3030.0
Q08220,7604.0
P42950,942.0
P32835,34197.0
P32836,4228.0
Q04924,2547.0
P53260,1590.0
P48239,1332.0
Q04806,912.0
Q00582,2620.0
P53290,2471.0
P40956,3323.0
Q12390,1250.0
P39996,2336.0
P38625,34683.0
P46943,731.0
P15454,24575.0
P53154,2305.0
Q08929,1311.0
P32190,861.0
P47026,3016.0
Q08484,1514.0
Q12344,3139.0
P32806,2212.0
P43570,580.0
P42944,1722.0
Q12753,1845.0
P41546,5374.0
Q01766,633.0
Q12180,1074.0
P0CE41,1450.0
P06774,1685.0
P13434,1741.0
P14064,790.0
Q02516,1379.0
Q03532,11279.0
Q12341,2339.0
P32769,3580.0
P20448,4854.0
P53834,12033.0
P25364,1160.0
P53973,2257.0
Q06629,2332.0
Q06623,1847.0
P53978,2742.0
Q03281,2071.0
P36113,1027.0
Q05580,3143.0
P32347,4391.0
P11353,5996.0
P40012,5048.0
P16622,8079.0
P09950,5028.0
Q07534,1054.0
P05373,8139.0
P28789,5529.0
P06174,2088.0
Q12276,1262.0
Q03557,1463.0
P35843,5884.0
P32874,433.0
Q04458,4333.0
Q12060,2988.0
P36142,377.0
P51979,1543.0
YNL030W,68836.0
YBR010W,13263.0
YNL031C,13263.0
Q12373,3047.0
Q06674,1254.0
P06775,2982.0
P32479,1109.0
P32480,1417.0
P47171,805.0
P38635,3257.0
P06633,1640.0
P40545,3375.0
P46973,1486.0
P41809,1783.0
Q04429,1469.0
P40037,19445.0
P12683,4026.0
P12684,3501.0
Q12039,671.0
P0CY09,388.0
Q03973,13337.0
P0CY11,1183.0
P0CY13,176.0
Q12398,571.0
P47175,2050.0
P38074,6151.0
P32339,1546.0
P19807,6073.0
Q08702,724.0
Q05080,658.0
P53389,1062.0
P10869,15784.0
P31116,27970.0
P20050,1222.0
Q05827,16542.0
Q12214,861.0
P53096,2540.0
Q02959,2170.0
P40480,1826.0
P36078,1527.0
Q03213,573.0
Q06592,818.0
Q01448,1518.0
Q05164,2913.0
P40481,2442.0
P17629,2556.0
Q04178,10533.0
P38922,5191.0
Q08109,1519.0
Q05787,1891.0
Q05549,727.0
P29295,5798.0
Q08273,7964.0
Q12347,1019.0
P15108,134828.0
P38753,2756.0
P10961,2222.0
P49955,2086.0
Q99181,2397.0
P69852,1902.0
P34244,2116.0
P38274,1877.0
P38348,2276.0
P38910,25075.0
P22943,32928.0
P32478,11810.0
P25619,4500.0
Q04432,6441.0
Q08992,350.0
Q08914,350.0
P19882,50754.0
P33416,7728.0
P53685,1277.0
P53686,3468.0
P53687,2148.0
P53688,1271.0
P50079,1063.0
P04911,14327.0
P04912,67315.0
P38790,972.0
Q9URQ5,5239.0
P07263,18532.0
P40325,1704.0
Q12134,1384.0
Q6Q546,4340.0
Q6Q5K6,2153.0
P53119,1516.0
P45820,1232.0
Q12520,1725.0
P0CE11,0.0
P43581,2622.0
P39924,1366.0
P54854,1370.0
P53631,1139.0
P32465,6830.0
P23585,3931.0
P32466,19445.0
P39003,25872.0
P39004,6150.0
P40886,623.0
P32464,1909.0
P23301,50245.0
P40581,10641.0
P41734,5186.0
P34224,1261.0
P47158,995.0
P53892,1665.0
P40499,2328.0
P28240,899.0
Q12031,1006.0
P40051,2140.0
P38284,1356.0
P47034,1229.0
Q12385,775.0
Q04329,2622.0
P28834,12930.0
P28241,18982.0
P15496,12401.0
P21954,23120.0
P46958,2178.0
P43579,2723.0
P40154,2593.0
Q12345,3501.0
P40060,3003.0
P32617,3753.0
P38286,9586.0
P39520,1958.0
P25038,1403.0
P53897,4219.0
Q9P305,3781.0
Q06706,7200.0
P47042,457.0
P47155,1600.0
Q03193,2550.0
P00927,12010.0
P53051,556.0
Q08295,4575.0
P0CW40,166.0
P40884,1299.0
P38697,7789.0
P21190,1227.0
P32581,538.0
P41833,1246.0
P25642,2797.0
Q06704,3491.0
P47170,1195.0
P47031,4208.0
P38265,1671.0
P53219,3434.0
P28627,1395.0
P46972,3111.0
P32351,1972.0
P32899,3952.0
Q02888,2479.0
Q06689,7748.0
P40576,1556.0
P01097,4583.0
P38710,2949.0
Q05533,2013.0
P53901,1728.0
P11986,2718.0
P26798,2146.0
P13902,915.0
P53115,2976.0
Q03694,1060.0
Q03824,1323.0
P40559,1169.0
P50942,1528.0
Q08227,1422.0
Q12072,2114.0
P43596,2190.0
Q04213,2174.0
P47172,723.0
P38803,2989.0
P53877,6001.0
Q06667,1345.0
P38991,639.0
P00817,42812.0
P38954,1446.0
Q12280,289.0
P18963,1512.0
P19158,1537.0
Q08118,1156.0
Q02733,1446.0
P47056,11046.0
Q07843,377.0
Q06554,558.0
Q04772,2564.0
P40006,6655.0
Q08416,3208.0
Q07951,1820.0
Q06683,218.0
Q03036,403.0
P43610,1444.0
P43615,778.0
P43623,1875.0
P47046,1285.0
P32361,267.0
P40541,2376.0
P36115,606.0
Q07821,1070.0
Q12425,2544.0
P32645,1138.0
P40015,2158.0
P32488,1381.0
P48526,1345.0
Q99312,3377.0
Q06098,849.0
P53843,3118.0
P40565,987.0
Q12056,4167.0
P38144,3806.0
Q08773,2705.0
P21374,1737.0
P53125,2312.0
P30606,1643.0
Q04638,846.0
Q04934,3099.0
Q07532,2056.0
P33417,3621.0
Q03419,1515.0
Q12442,1117.0
Q07959,592.0
Q99393,1867.0
P53193,2464.0
P36035,836.0
P40034,494.0
P47156,814.0
Q12350,414.0
Q06214,3955.0
P53863,1973.0
P46997,542.0
P47138,2010.0
Q12358,573.0
P40206,1700.0
P36224,1110.0
P36132,3573.0
P53067,2046.0
Q02932,3260.0
P32767,3347.0
P11927,1504.0
P25583,1873.0
P32526,728.0
P25389,1755.0
P47114,538.0
Q12494,2809.0
P36005,2578.0
P43614,1699.0
Q06346,3614.0
P38853,4545.0
P50090,973.0
Q08979,5793.0
P09620,4661.0
P13134,1877.0
P20967,11221.0
P40309,512.0
P38692,1821.0
P13185,2543.0
P06242,2151.0
P13186,2337.0
P22209,856.0
Q01919,1740.0
P25341,836.0
P28742,910.0
P28743,1170.0
P53086,736.0
P36004,1091.0
P38873,1729.0
P17260,8782.0
Q04431,1745.0
P40026,273.0
P53914,7124.0
P22023,2635.0
P39005,3161.0
Q8TGJ3,2528.0
P38691,2690.0
P14681,3013.0
Q3E840,8955.0
P33550,400.0
P38131,5094.0
P53966,523.0
P54070,3315.0
P40504,2040.0
P53158,1697.0
P32788,1403.0
P28496,3956.0
P38703,4848.0
Q92325,1004.0
P38851,1167.0
P38800,940.0
P43560,1032.0
Q08001,1118.0
Q10740,5528.0
Q12446,2743.0
P36146,1261.0
P40367,2233.0
P12695,6585.0
P25045,9391.0
P47013,1349.0
Q12246,3101.0
Q04377,1000.0
P53153,1473.0
P40079,1430.0
P25587,1467.0
Q12342,838.0
Q12502,1299.0
P38210,2261.0
P38139,1629.0
P40219,3383.0
P40218,2077.0
Q08218,823.0
Q08963,3361.0
P42838,2978.0
P38439,4325.0
P08638,299.0
P38702,2281.0
Q02796,2419.0
P33399,8346.0
P53150,463.0
P47145,1215.0
P38852,811.0
Q03579,2975.0
Q06005,1229.0
P32875,3986.0
Q07799,1081.0
P38878,3393.0
P33418,3080.0
P34234,2203.0
Q07923,1953.0
P09624,23937.0
Q08448,1035.0
Q04396,1054.0
Q12405,2891.0
P25579,1481.0
P35688,1355.0
P40345,2021.0
P38801,4725.0
Q04087,1441.0
P25369,3709.0
P42951,467.0
P53598,16382.0
P53312,13149.0
P53145,6151.0
P47017,5002.0
P38203,6485.0
P57743,8861.0
P40089,6156.0
Q06406,8894.0
P53905,7422.0
P47093,1903.0
P34239,446.0
P53237,916.0
P41318,2208.0
P07866,1573.0
P53846,784.0
P40347,3698.0
P34078,3907.0
Q07508,1994.0
Q06479,322.0
P32487,3806.0
P40495,12211.0
P40971,1667.0
P50113,1008.0
P35192,759.0
P40957,2131.0
P40958,1874.0
P47074,944.0
P41910,1720.0
Q06436,1601.0
Q02197,1809.0
P20484,4179.0
Q12176,7462.0
P23059,2140.0
P23060,929.0
Q03503,2936.0
P38112,4357.0
P53048,7677.0
P53341,3173.0
P53338,302.0
P38158,1140.0
P38157,19.0
P40065,1132.0
P0CX09,0.0
Q01662,14218.0
P38174,6162.0
P10507,4095.0
P0CY06,1129.0
P0CY08,333.0
Q06537,1509.0
P38300,2562.0
P39534,3600.0
P39678,1394.0
P23493,2898.0
Q12158,2134.0
Q07376,1575.0
P36032,0.0
Q08268,317.0
Q08777,0.0
P21965,8487.0
P32354,1536.0
Q12262,876.0
P11746,3789.0
Q06675,952.0
P47167,1030.0
P30665,4076.0
P29496,3825.0
Q3E7A7,1772.0
P38744,1491.0
P53234,659.0
Q3E828,7831.0
Q02981,1059.0
Q2V2P4,6503.0
Q12106,0.0
Q06567,1600.0
P36060,17331.0
Q12283,2706.0
P38323,3563.0
P53206,4318.0
P47095,4007.0
P17505,20985.0
P32419,9783.0
P42834,802.0
P33310,1582.0
P18409,1279.0
Q92328,1070.0
Q01846,1274.0
Q12387,5693.0
Q05930,271.0
P38880,1178.0
Q12171,1638.0
P53083,1133.0
O60200,3391.0
Q06820,1156.0
Q08179,6360.0
P53258,2611.0
P47025,2355.0
P38111,224.0
Q02574,213.0
Q99278,2980.0
Q12321,2954.0
Q12124,2969.0
Q12343,1992.0
P38782,3345.0
Q08278,2473.0
P39677,1432.0
Q02205,4834.0
P32489,0.0
Q8TGU7,5728.0
P40260,1926.0
P41948,2515.0
P53390,3135.0
P00958,29753.0
P46151,5122.0
Q02196,4796.0
P06106,38332.0
P40469,2841.0
P32179,9974.0
P40573,1336.0
P08465,4420.0
P39014,682.0
Q03081,988.0
Q12041,432.0
P08536,7313.0
P32389,1907.0
P47169,6101.0
Q08645,6591.0
P15807,2123.0
Q99257,6514.0
P34165,26175.0
P34166,1688.0
P01149,3263.0
P32435,1636.0
Q04922,1690.0
Q07684,1010.0
Q02783,396.0
P33441,3969.0
P53050,583.0
P40578,1339.0
Q03649,1520.0
P32787,8649.0
P32266,4269.0
Q05530,1302.0
P25573,2779.0
Q04472,2329.0
P40151,894.0
P26188,704.0
Q3E835,4206.0
Q3E829,1901.0
P43638,2969.0
Q06630,4490.0
Q96VH5,2946.0
P38341,3234.0
P41821,2064.0
P36027,2769.0
P35201,1224.0
P27705,2001.0
P53035,2274.0
P39943,1618.0
P23748,1261.0
P43564,1520.0
Q08176,1142.0
Q3E798,1334.0
Q3E7A6,3831.0
Q2V2P3,636.0
P15801,562.0
P38760,99.0
P40002,3324.0
Q04341,3705.0
Q03667,9816.0
P38162,1506.0
P53379,1153.0
P32490,1269.0
P32491,1866.0
P34072,1914.0
P40850,4097.0
Q06580,4415.0
P32047,1893.0
P38920,1412.0
Q07980,420.0
Q12083,220.0
P47107,709.0
Q04814,803.0
Q12110,259.0
P30952,8647.0
Q03829,1351.0
P41800,1836.0
P36092,1166.0
Q12372,669.0
Q06324,1458.0
Q06211,846.0
P38632,2206.0
Q06164,406.0
P53152,4707.0
P38257,545.0
Q03218,1217.0
Q08970,797.0
P53102,1216.0
P40577,8.0
P24720,1019.0
P38888,1082.0
Q12205,1459.0
P50108,3189.0
P40355,596.0
P39106,2868.0
P36044,740.0
P46982,4859.0
P35724,1506.0
P32906,2309.0
P53059,562.0
P40549,1463.0
P53745,252.0
P40484,2479.0
P43563,2203.0
P07884,2196.0
P47123,3551.0
P38191,1176.0
P53129,1110.0
P48563,2797.0
P32333,4935.0
P34909,4967.0
P54785,2570.0
P53583,854.0
P53157,2721.0
P38857,4045.0
P53311,1864.0
Q08550,1127.0
P35728,2392.0
P40562,948.0
P0CD99,9695.0
P40364,3418.0
P25338,2107.0
P47083,8228.0
P53725,2210.0
P54199,536.0
P53159,776.0
P47069,2239.0
P39016,2316.0
P25588,1302.0
Q06106,4575.0
P32829,888.0
P30775,959.0
P53166,1048.0
Q06489,7883.0
P50873,4699.0
Q06815,2115.0
P25270,2056.0
P53123,453.0
Q08925,4652.0
O75012,1646.0
P28778,1261.0
P32387,3058.0
P38175,1662.0
P10663,1756.0
P32388,3534.0
P32902,3969.0
P36523,4427.0
P38064,2185.0
P36528,5114.0
P22354,3181.0
P53881,3277.0
Q12487,3609.0
P36525,3176.0
P36526,2302.0
P14063,2522.0
P25348,4077.0
P20084,3405.0
P36532,2780.0
P36533,2555.0
P36534,4845.0
P36517,3546.0
P53724,3934.0
Q06090,3305.0
P32904,3688.0
P31334,3043.0
P53732,3391.0
Q02608,2861.0
Q03246,3609.0
P42847,3710.0
P21771,4063.0
P53292,3533.0
Q03799,3622.0
Q01926,738.0
P10566,1462.0
P23500,1340.0
P33201,11173.0
Q05648,339.0
Q03079,591.0
P47084,3184.0
Q04598,1259.0
P53736,2724.0
Q03900,753.0
P40050,722.0
Q12467,890.0
P48564,1045.0
P53869,842.0
Q07349,1348.0
Q08471,981.0
P36157,1436.0
P21339,1616.0
P48566,1015.0
Q12317,1059.0
Q03455,1425.0
Q05812,2767.0
P38694,5727.0
P48525,1457.0
P08425,1638.0
P38590,1702.0
P25846,943.0
P25847,3191.0
P25336,1108.0
P40965,952.0
Q03834,2793.0
P13712,2018.0
P32048,1987.0
P40567,1462.0
Q12186,2580.0
P22438,1436.0
P22148,612.0
P33748,2327.0
P33749,3334.0
P53604,1901.0
P28737,2114.0
P38714,1358.0
Q03825,490.0
P08593,861.0
P32559,584.0
P40990,736.0
P38994,1925.0
P32335,6252.0
P07236,1727.0
P53176,1163.0
P39552,1401.0
P04803,2482.0
P48527,1750.0
P34246,396.0
P53077,1302.0
P38335,776.0
Q03897,556.0
P38849,1518.0
P32633,1405.0
P53227,951.0
P14908,2799.0
P10849,1992.0
Q03151,1665.0
P38860,497.0
P35198,3589.0
P53214,1382.0
P53320,1241.0
P53070,1056.0
P53944,490.0
Q03920,1689.0
Q99189,2988.0
P34232,5085.0
P48240,4067.0
P39731,2610.0
Q03162,193.0
P32605,1664.0
P36084,2794.0
Q02866,2038.0
P38236,3186.0
P50276,4102.0
P38734,1458.0
Q04149,576.0
P32377,16570.0
P40959,2587.0
P25566,2728.0
P08964,2082.0
P19524,6007.0
P36006,4361.0
P32492,3007.0
Q04439,5766.0
Q03429,2495.0
P32505,8716.0
P53919,2209.0
Q00539,2716.0
P27929,3915.0
Q02931,6560.0
P25293,12358.0
P23503,1457.0
P40555,2290.0
P50086,6374.0
P12945,8398.0
P37293,2912.0
Q06504,1865.0
Q04751,1792.0
Q08689,5530.0
Q08229,3091.0
Q3E7Y6,3134.0
P52919,1460.0
Q12163,2478.0
P52920,2167.0
Q12374,2111.0
Q92317,5479.0
Q02820,1226.0
P53615,6736.0
P16603,12180.0
Q12200,1907.0
P53923,2432.0
P53088,2803.0
Q3E842,8070.0
Q05777,2199.0
P32500,4097.0
P40460,1825.0
Q08887,511.0
P40215,9235.0
Q07500,1186.0
P32340,7696.0
Q12366,0.0
Q06568,1756.0
P38830,441.0
Q06148,787.0
P38769,450.0
P38757,1036.0
P40527,2491.0
P47035,5204.0
Q12216,755.0
P0CE68,1599.0
P32860,7392.0
P32494,2457.0
Q08213,1804.0
Q03264,3570.0
Q03210,545.0
P32831,3267.0
Q99271,1641.0
Q03435,3015.0
P11632,14762.0
Q04121,2365.0
P34077,4862.0
P33420,268.0
Q08962,8288.0
P53939,701.0
P40447,1135.0
P49954,4510.0
Q12493,2589.0
Q06162,2208.0
P53920,4177.0
P53204,2227.0
P38798,2350.0
Q12129,3829.0
P46970,2978.0
P14743,7063.0
P47149,2315.0
P53253,2047.0
P36003,623.0
P40165,4615.0
Q05874,4895.0
Q08444,4495.0
Q07896,5039.0
Q06512,3589.0
Q02892,13652.0
P53742,8743.0
Q6Q547,12139.0
Q08208,7150.0
P53883,6347.0
Q99207,7095.0
P53927,7341.0
P40007,7032.0
P53317,2880.0
P15646,24153.0
P40991,12109.0
P37838,5837.0
Q12080,5251.0
P53261,9270.0
Q08287,4135.0
P47077,3745.0
P06102,4756.0
Q12514,5460.0
P47122,5354.0
Q12408,2840.0
Q01560,34936.0
P33755,4566.0
P25353,1705.0
P39923,1643.0
P38742,1165.0
P53164,2760.0
P53228,4613.0
P53617,6882.0
Q03125,1323.0
P38082,1086.0
P53915,2517.0
P53718,936.0
P32770,2785.0
Q08485,345.0
P53136,4693.0
P40078,9663.0
Q07913,750.0
Q05541,1898.0
P43124,892.0
Q03718,1397.0
P38837,4669.0
P53898,3075.0
Q12457,898.0
Q12143,2535.0
P27476,16609.0
P53935,2300.0
P40354,2784.0
P38302,2015.0
Q04958,2268.0
P33331,23607.0
P31378,1154.0
Q08214,90.0
P32356,5020.0
P35172,1382.0
Q12311,560.0
P36118,1443.0
P32336,1638.0
P33895,2429.0
Q00402,3679.0
Q02629,3667.0
P35729,2270.0
P36161,5120.0
P49687,5564.0
P40064,3875.0
P38181,3441.0
P52593,4820.0
P47054,3107.0
P20676,3690.0
P32499,6974.0
P49686,1419.0
Q02199,4241.0
Q03790,3648.0
P48837,7048.0
P52891,4730.0
P46673,4095.0
Q12066,1165.0
Q12063,3711.0
P53114,2737.0
Q06213,2953.0
P38881,2583.0
Q06833,4261.0
Q03983,259.0
Q12255,3481.0
P39720,744.0
P36023,326.0
P35731,1760.0
Q02803,656.0
P53949,2579.0
P25366,1715.0
P38738,3012.0
P31755,2243.0
P35999,1857.0
P53397,2369.0
P53298,1586.0
P21147,9355.0
P61829,634.0
P16547,6786.0
P36163,1921.0
Q06668,1768.0
Q08202,2941.0
P21957,2525.0
P40897,867.0
Q06593,1688.0
P38271,2423.0
Q06810,1873.0
P54784,1449.0
P32833,1645.0
P54790,1081.0
P54791,1752.0
P50874,1986.0
P38826,1952.0
P53224,3379.0
Q06144,3593.0
Q12451,2981.0
P38713,2700.0
P46964,3771.0
P48439,4142.0
Q99380,14004.0
Q92316,2809.0
Q03723,1800.0
P43611,1501.0
P38747,3598.0
P28273,3801.0
P41816,1672.0
Q12447,20526.0
P04147,62422.0
P40960,752.0
P39946,1143.0
P39937,581.0
P33751,1396.0
P38351,5232.0
P32567,2607.0
Q05518,3893.0
P42949,5256.0
P37304,4246.0
P32521,9763.0
P53010,1449.0
P36102,2837.0
P38787,8372.0
P40459,4833.0
P29468,4008.0
P53632,2659.0
P25644,4917.0
P53343,0.0
Q12370,1323.0
P0CE85,1193.0
P0CE88,1190.0
Q08322,1829.0
P0CE86,3088.0
P0CE87,1247.0
Q07987,1241.0
P38155,0.0
P25610,0.0
Q08984,1542.0
P25580,2241.0
P53297,6358.0
P38151,1476.0
P53878,3562.0
P38254,3021.0
Q3E833,5416.0
Q12524,832.0
P39081,2800.0
P40512,523.0
P53124,1131.0
P24867,1143.0
P25693,2847.0
P38794,1457.0
P40038,2317.0
P40186,2374.0
Q08966,953.0
Q12477,1061.0
P53259,927.0
P13259,3089.0
P32473,14403.0
P06169,581219.0
P32896,1938.0
P16467,7208.0
P26263,2945.0
P22434,2055.0
P06776,2820.0
Q12428,1680.0
Q04299,1537.0
Q06188,3177.0
P51533,1078.0
P40550,1282.0
Q04182,2838.0
P53860,12084.0
P53844,4398.0
P12383,1597.0
P33200,225.0
P33302,10371.0
Q06149,1134.0
P40316,951.0
Q04264,2977.0
P38075,14922.0
P40091,2159.0
P53238,1627.0
P32854,1715.0
P27801,2308.0
P12868,2031.0
P32609,768.0
P40335,2613.0
P25625,2715.0
Q12144,4629.0
P39684,1190.0
P38958,1499.0
P08468,538.0
P33893,1263.0
Q02771,1983.0
P10355,468.0
P32606,1451.0
P47065,721.0
P25362,3008.0
Q02772,3183.0
Q99373,7.0
P32522,271.0
P07390,450.0
P10834,1282.0
P38921,1589.0
Q05568,707.0
Q12462,2836.0
Q04370,1241.0
P80667,1631.0
Q08215,1546.0
P40155,1431.0
P38855,1564.0
P24004,2041.0
P50091,2268.0
P39718,1391.0
Q02969,3473.0
Q08580,451.0
P38848,308.0
Q03370,1842.0
P32800,506.0
Q06169,3505.0
P53203,831.0
P38292,598.0
P25584,1465.0
P53293,0.0
P28795,1583.0
P35056,1677.0
P33760,1594.0
P39108,645.0
P53248,951.0
P42836,1701.0
Q12006,1468.0
Q03289,0.0
P38244,3347.0
P16861,77963.0
P40433,1261.0
Q12471,2410.0
P16862,50861.0
P38872,1249.0
P42841,2467.0
Q06640,1386.0
P07274,22053.0
P53896,3789.0
P53903,6491.0
Q12746,8103.0
Q08959,3265.0
P40356,2364.0
P12709,158738.0
P00560,535389.0
P33401,7371.0
P37012,21225.0
P25578,313.0
P47180,2578.0
P32452,2705.0
P36093,1267.0
Q12252,1076.0
P40025,1259.0
P38693,6570.0
P50947,1688.0
P07270,2560.0
P20052,302.0
P25297,5213.0
P25360,1197.0
P38361,2160.0
P11491,3505.0
P39535,2508.0
P27514,4280.0
P05066,967.0
P40857,5134.0
Q06651,1449.0
P40035,2713.0
P07271,1366.0
Q06216,0.0
P40187,1259.0
P38768,2835.0
P39104,2603.0
Q12057,1887.0
P34217,4817.0
P52960,1148.0
Q03178,3256.0
Q03180,895.0
P06197,4717.0
P24583,2386.0
Q03407,1767.0
Q12236,515.0
Q03306,676.0
P40530,2054.0
Q03880,7210.0
Q03674,1458.0
Q08108,1564.0
P32383,188.0
Q04383,436.0
P36139,6304.0
Q04004,1565.0
Q12017,5008.0
P05030,40732.0
P38929,3371.0
P32634,1330.0
Q07930,1564.0
Q03760,1357.0
P32903,69604.0
P40975,61354.0
P87284,23654.0
P13586,7303.0
P14242,648.0
P31382,5005.0
P47190,2478.0
P46971,3728.0
P52867,606.0
P42934,1134.0
Q06644,2230.0
Q02890,2501.0
Q99216,3896.0
Q05788,5220.0
Q12412,1274.0
P38969,1460.0
P38218,1827.0
Q04636,10154.0
Q12245,2060.0
P25576,2785.0
P40473,1014.0
P38121,2511.0
P13382,2368.0
P21951,3153.0
P15873,20407.0
P47110,1363.0
P15436,3354.0
P25615,589.0
P39985,4297.0
P39685,5192.0
Q12164,3588.0
Q12445,4027.0
P41812,1705.0
P39008,3067.0
P53833,2017.0
P38336,1878.0
P28005,3479.0
P53218,2638.0
P38291,1631.0
P38208,2523.0
P40478,2132.0
Q06892,3469.0
P13711,2489.0
P38796,1259.0
P32838,1284.0
P23594,3736.0
P23595,3949.0
P32345,1731.0
Q04081,2046.0
Q08282,1887.0
P40152,1181.0
P32945,377.0
P07272,317.0
P38148,542.0
Q12036,486.0
P38698,6255.0
P26570,3486.0
P33329,813.0
P25375,8231.0
P22141,13312.0
P23639,20654.0
P23638,17201.0
P10363,5743.0
P20457,2390.0
P40494,1968.0
Q03262,5217.0
P53835,1173.0
P40534,2511.0
Q08931,11888.0
Q12498,925.0
P40476,1973.0
P53174,1445.0
P39551,1049.0
P32264,8992.0
P32263,21268.0
Q07350,2349.0
P15938,810.0
P33411,1152.0
P32523,3059.0
P32524,2240.0
P24384,1099.0
P49960,1688.0
P23394,1874.0
P20095,1388.0
P49704,1444.0
Q00723,2380.0
P39682,2723.0
Q03338,1582.0
P33203,1656.0
Q03776,1895.0
P53131,8312.0
P28004,1792.0
Q12417,1793.0
P20053,1611.0
P21372,1034.0
P19735,1975.0
P33334,1905.0
P19736,1355.0
P28708,1998.0
Q12310,0.0
P38620,3512.0
P38689,10069.0
P38063,6454.0
Q12265,9265.0
P06103,26937.0
P34227,8062.0
P47033,4887.0
P53037,945.0
Q12488,1132.0
P40359,2392.0
Q12146,1612.0
P36081,5219.0
Q12161,2067.0
P31374,2513.0
Q08217,2166.0
P30620,595.0
P50109,5027.0
Q07800,2317.0
Q07949,2086.0
Q12335,14727.0
P40164,2809.0
Q12318,1258.0
P38193,2455.0
Q01329,2822.0
P35182,1520.0
P39966,6912.0
P34221,7522.0
P38089,998.0
P25646,1350.0
P38797,6763.0
P38876,911.0
P34222,3970.0
Q12322,619.0
P39927,3371.0
P36002,844.0
P47116,4160.0
P32857,3185.0
P25044,2394.0
P29461,231.0
P40048,1443.0
P32901,2551.0
P43606,371.0
P32588,22861.0
Q12221,2136.0
Q07807,4302.0
P40100,2774.0
P53748,1709.0
P53749,18.0
Q06991,4630.0
P25043,11679.0
P53167,5.0
Q06244,0.0
P53294,1044.0
Q12069,1727.0
P09368,443.0
P25502,1609.0
P15380,407.0
P21304,12030.0
P25635,4630.0
P41909,1192.0
P34230,881.0
P36166,2203.0
P39994,1043.0
P53335,3881.0
P39933,1455.0
P37299,4284.0
P00128,13267.0
P08525,4274.0
P22289,5075.0
P40474,2985.0
P38227,1624.0
P38795,5436.0
P43123,6707.0
P32344,1275.0
P43122,712.0
P06838,1415.0
P28519,1030.0
P31244,353.0
P48581,490.0
P10862,623.0
P06777,753.0
P32628,6615.0
P32641,752.0
P40352,1003.0
P07276,860.0
Q04049,756.0
Q04231,1162.0
Q06665,114.0
P06839,2505.0
P14736,870.0
P25454,6070.0
P06778,2164.0
P22216,1533.0
P32863,782.0
P38953,854.0
P25301,1157.0
Q12223,1140.0
P32849,1520.0
Q99359,848.0
P06104,6280.0
P06779,963.0
P14737,1279.0
Q06891,6224.0
P53063,3843.0
P22007,1972.0
P29703,2080.0
P11938,4389.0
P01119,2813.0
Q02792,3466.0
P47104,2009.0
Q03956,2030.0
Q08760,1045.0
Q12465,1909.0
Q04418,2602.0
Q12270,7085.0
P53295,8578.0
P46987,693.0
P25332,3462.0
P48606,5425.0
Q05672,2254.0
Q03713,1955.0
P53721,3444.0
Q3E776,1990.0
Q05131,0.0
P40508,1798.0
P36066,535.0
P38622,0.0
P38623,5272.0
Q08096,5699.0
P53972,1539.0
P36054,1158.0
Q04779,2005.0
P38212,2610.0
Q03446,2217.0
P39531,2268.0
P38086,2522.0
Q12434,7184.0
Q08742,6888.0
Q08904,952.0
P25611,599.0
P19541,799.0
Q06835,1651.0
Q12019,3876.0
P21538,5582.0
P33323,1179.0
P21651,362.0
P14291,1255.0
P42073,3264.0
P38232,1143.0
P38344,4511.0
P03871,3891.0
P03872,5877.0
P25560,2957.0
P35196,2889.0
P22276,4680.0
P43621,10752.0
P12689,1282.0
P14284,1454.0
P38927,1230.0
P54964,5064.0
Q12090,627.0
Q08237,3192.0
P22336,7948.0
P26755,6304.0
P38630,3902.0
P38251,4728.0
Q12192,1201.0
P38206,1191.0
Q08003,1346.0
P48743,779.0
P39083,1328.0
Q06407,1830.0
Q06108,1512.0
P38339,3484.0
P43556,2859.0
P40043,8450.0
P40188,3498.0
Q12194,2258.0
Q00453,1601.0
P16664,1630.0
P19263,1989.0
Q99188,1417.0
P32862,520.0
Q12300,1252.0
P25378,2228.0
P06780,12816.0
P06781,3141.0
Q00245,9410.0
Q00246,1583.0
P53879,4546.0
Q12362,2071.0
Q99258,14322.0
P33312,984.0
P40395,1350.0
P29539,1315.0
Q06208,976.0
P33400,1603.0
P38615,2795.0
Q03792,432.0
P43565,1302.0
P32445,10820.0
Q12033,2294.0
P48565,348.0
P38741,1539.0
P53179,784.0
Q04734,1227.0
Q12196,2350.0
P23796,1472.0
P38883,3911.0
Q08961,2672.0
Q03942,583.0
P38222,2322.0
Q12504,3686.0
Q12367,940.0
Q04781,2558.0
Q12495,3290.0
Q03195,16040.0
Q12224,710.0
Q07915,5239.0
P40693,8065.0
P36001,787.0
Q03441,1782.0
Q12508,1206.0
P39975,636.0
P43620,1106.0
P32338,1441.0
Q02685,1471.0
P32611,1614.0
Q12530,1201.0
Q03305,3460.0
P11745,18167.0
Q04740,1201.0
P53942,1360.0
Q05635,1832.0
Q12338,556.0
P53331,2910.0
P21524,17841.0
P09938,19261.0
P21672,2675.0
P49723,83447.0
Q02555,2512.0
Q02933,2047.0
P38867,1423.0
P53118,446.0
P43602,678.0
P45818,5436.0
P53046,684.0
P51862,871.0
P47009,1436.0
Q03691,6860.0
P38138,2719.0
P25042,1157.0
P25046,2635.0
P32529,11999.0
P50106,3969.0
P47006,8225.0
P22139,17845.0
P38902,9089.0
P16370,9093.0
P20434,10743.0
P47076,2930.0
P28000,13239.0
P35718,2095.0
P17890,3399.0
P36121,4264.0
P25441,4195.0
P32349,4623.0
P32561,3850.0
P46969,7209.0
P38805,5481.0
P39956,1784.0
P23250,1340.0
P41805,74858.0
P0C0W9,27594.0
P0CX54,79137.0
Q12690,51290.0
P05740,37495.0
P46990,30677.0
P0CX50,35392.0
P0CX82,45283.0
P0CX43,35057.0
P0CX24,49393.0
Q02753,63797.0
P05749,118983.0
P56628,19147.0
P0CX42,17015.0
P24000,36900.0
P05743,66974.0
P0C2H7,46600.0
P02406,71369.0
P05747,72573.0
P0CX45,51078.0
P0CX46,47718.0
P38061,47048.0
P87262,48965.0
P40525,35104.0
P0CX84,69549.0
P0CX85,41748.0
P05745,29505.0
P49167,32579.0
P04650,8331.0
P14126,95351.0
P0CH08,10435.0
P0CH09,13325.0
P0CX86,106439.0
P0CX87,103128.0
P0CX27,33040.0
P0CX28,31039.0
P0CX25,87658.0
P0CX26,35617.0
P49626,36864.0
P26321,59936.0
Q02326,39839.0
P05737,78377.0
P17076,113252.0
P29453,91729.0
Q02773,1826.0
P43588,16400.0
P32496,15018.0
O13563,6873.0
P53196,2210.0
P40016,9081.0
Q03465,1487.0
Q12250,14645.0
Q06103,9907.0
Q08723,10410.0
Q04062,14071.0
P04050,16113.0
P20435,7066.0
P04051,5592.0
P13433,3689.0
P05318,134732.0
P38786,3076.0
P02400,134732.0
P40571,1387.0
P32905,13774.0
Q08745,15898.0
P46784,45312.0
P0CX47,59924.0
P0CX48,37610.0
P05756,62207.0
P06367,51361.0
P39516,13149.0
Q01855,52121.0
P0CX51,54006.0
P02407,81932.0
P14127,83909.0
P0CX55,38112.0
P0CX56,19802.0
P07280,28109.0
P07281,48680.0
Q3E7Y3,34606.0
P0CX29,27232.0
P0CX30,29902.0
P0CX31,45621.0
Q3E792,59656.0
P0C0T4,51486.0
P39938,90556.0
P35997,50979.0
Q3E7X9,49393.0
P0C0X0,8600.0
P41057,11265.0
P25443,58722.0
P0CX33,46315.0
P05759,44117.0
P0CX35,99147.0
P0CX36,88908.0
P26783,46502.0
P0CX37,69398.0
P0CX38,20840.0
P26786,70601.0
P0CX39,67865.0
P0CX40,62537.0
O13516,66820.0
P05755,70257.0
P33299,12952.0
P33297,16309.0
Q01939,17229.0
P36119,1871.0
Q04225,8238.0
P40454,2600.0
Q12461,1939.0
Q12167,1463.0
Q08774,1420.0
Q06109,955.0
P40156,1423.0
Q12468,742.0
Q12348,1320.0
P38766,455.0
P38204,543.0
Q04712,476.0
P36070,334.0
Q02983,947.0
P32786,237.0
P40992,1192.0
P53437,589.0
Q12754,8407.0
P36080,5000.0
Q06511,6495.0
Q04031,3184.0
P35178,4869.0
Q12481,1056.0
Q12277,4315.0
P25359,4201.0
Q05636,4044.0
P53256,3707.0
P38792,5006.0
Q12149,2939.0
P25368,5786.0
P38961,3935.0
Q08746,8642.0
P25381,1129.0
P40042,1162.0
P40470,3538.0
P38332,1883.0
P53117,0.0
Q08219,1797.0
Q08932,1749.0
Q05942,4441.0
P25382,4261.0
Q08417,1495.0
P53236,1186.0
Q06488,3616.0
Q02206,5315.0
Q07979,4360.0
P25632,4654.0
P43609,7401.0
Q04693,5428.0
Q05043,2194.0
P46974,1222.0
Q03201,3852.0
P36056,2250.0
Q03976,3230.0
P53305,2426.0
Q03516,4002.0
Q05863,731.0
P39940,6335.0
P53047,0.0
Q08281,1153.0
P38279,1443.0
P53850,931.0
Q12108,2532.0
O14464,3491.0
P53064,6510.0
P38165,2317.0
Q04947,37100.0
Q12751,1405.0
Q12378,1718.0
P38903,4713.0
P40962,1768.0
P53289,2113.0
P47050,1107.0
P40063,1221.0
P40161,3898.0
P38850,1600.0
Q07794,1140.0
Q08924,3088.0
Q03919,1614.0
Q12234,4630.0
Q12242,3867.0
Q03940,13124.0
Q12464,11577.0
P39743,10054.0
P38255,2161.0
P46674,1039.0
P17121,2368.0
P43589,1383.0
P46946,1084.0
P89114,1249.0
P20840,2895.0
P39954,78556.0
P38990,1232.0
D6W196,1381.0
P10659,65133.0
P14693,2003.0
P50110,1600.0
Q08986,4260.0
P53969,3193.0
P22470,1872.0
P43612,3506.0
P40856,3834.0
P36123,4320.0
P39955,1480.0
P38429,2233.0
P53036,506.0
Q12136,6042.0
P40963,978.0
P34218,899.0
Q04003,718.0
Q99314,1341.0
P25333,1142.0
P39735,1170.0
P53324,1894.0
P38814,1823.0
P42223,716.0
P52870,9810.0
P10080,25752.0
Q04002,1567.0
P40090,623.0
P34758,1490.0
P11792,2752.0
Q12334,622.0
P32564,3455.0
P23833,2467.0
P38072,2711.0
P06105,34834.0
Q08873,3434.0
Q6Q595,632.0
P40075,14184.0
P53012,2448.0
Q03529,3771.0
P32784,3095.0
Q04951,6321.0
P53009,1857.0
P53313,3640.0
P39983,1135.0
Q04773,5365.0
Q12496,7950.0
Q12139,671.0
Q00711,9672.0
P37298,2850.0
Q08230,3491.0
Q3E785,1304.0
Q04401,1812.0
P38345,3266.0
Q07953,5199.0
P40479,2156.0
P36047,5650.0
P38314,5164.0
P40505,2324.0
P38164,2041.0
Q06245,3266.0
P22224,2445.0
P48415,5146.0
P32602,11448.0
P18759,6685.0
P28791,1917.0
P32074,15933.0
P22214,4602.0
P40482,8851.0
P41811,16404.0
P40509,10523.0
P17065,2893.0
P38968,19566.0
Q12745,2418.0
P07560,19002.0
P20048,538.0
P89102,2518.0
P32915,17267.0
P21825,7596.0
P14906,9491.0
P29478,5632.0
P32844,2037.0
P11075,5253.0
P32855,3475.0
P40357,2829.0
Q01589,5874.0
P25365,1545.0
Q01590,3181.0
P34228,442.0
P34250,1573.0
P53011,4208.0
Q06058,846.0
O94742,13352.0
Q04675,1022.0
Q00416,2549.0
P16658,892.0
P39707,1704.0
Q02825,1211.0
P39709,1021.0
P42941,11714.0
P07284,41861.0
P38827,981.0
P46995,3108.0
P42948,955.0
P38890,3416.0
Q12529,0.0
Q99287,4191.0
P53953,4146.0
P33303,3297.0
Q12507,2284.0
Q06168,4079.0
P47008,6817.0
Q12369,444.0
P35735,3500.0
P20134,1234.0
Q12314,11249.0
P32432,2241.0
P43682,2420.0
Q06132,3014.0
P33335,1234.0
Q03067,3299.0
P25554,2177.0
P53165,2419.0
P40561,4933.0
Q08490,1128.0
P35187,120.0
Q08446,3159.0
Q12118,19147.0
P23293,3324.0
P36136,8525.0
P39000,1263.0
P53075,6882.0
P38200,874.0
P36068,2989.0
P38272,3826.0
P51534,2162.0
Q04172,805.0
P38337,2411.0
Q04487,0.0
P40073,1534.0
P34223,6482.0
P40486,2978.0
Q02774,4860.0
P41912,1051.0
Q07657,5365.0
P38751,1148.0
P38957,0.0
P53266,2065.0
Q12212,206.0
P38262,2048.0
Q08199,3289.0
P40472,2170.0
P22579,4999.0
P32259,2633.0
P50263,2300.0
P32578,1782.0
P38717,1367.0
P46954,5733.0
P21691,281.0
P06700,2711.0
P06701,1453.0
P11978,1446.0
P25294,28050.0
P36024,4255.0
P39980,2822.0
P20604,4289.0
P53965,2266.0
Q04195,540.0
P36103,2470.0
P36169,1989.0
Q06315,2369.0
P32900,1550.0
P46948,3656.0
Q08491,2176.0
Q02793,3702.0
Q12469,766.0
P38889,3141.0
Q02100,1310.0
P52286,5623.0
P42843,1698.0
Q12505,2277.0
P34226,3028.0
Q03656,3135.0
P33338,6881.0
P34252,482.0
P53135,196.0
Q03406,1572.0
Q08457,1557.0
Q12034,2997.0
P54867,3668.0
P53327,1625.0
P38283,302.0
P53304,603.0
Q08581,2875.0
P40485,3797.0
P53955,873.0
Q12093,1170.0
P38247,3907.0
P25345,1501.0
P39928,1176.0
Q3E784,1122.0
Q12232,1750.0
P42900,1541.0
Q02775,2061.0
P38324,1150.0
Q12098,587.0
P32828,312.0
P40072,1215.0
P53251,4726.0
P22215,1322.0
P40167,1130.0
Q04658,0.0
P40018,2974.0
P38989,1833.0
P47037,2745.0
Q12267,1650.0
Q08204,1186.0
Q12749,669.0
Q02260,3691.0
Q06217,3590.0
Q12330,737.0
P38925,338.0
P38778,971.0
P32566,7611.0
Q04964,21089.0
P53720,2650.0
P38128,2061.0
Q04174,773.0
P47007,2041.0
P40204,5058.0
P54999,3969.0
P56508,16536.0
P14359,7061.0
Q07549,5337.0
P31109,4895.0
P33328,4376.0
Q04007,1256.0
Q99382,2858.0
P38264,30807.0
P38956,1258.0
P22082,2320.0
P10870,249.0
P18480,1956.0
P18888,1857.0
P39929,7483.0
Q12483,944.0
P46950,648.0
P40548,6428.0
P40993,1540.0
P48232,10085.0
Q03144,4175.0
P53823,1207.0
P43544,195.0
Q04902,359.0
Q00916,1637.0
P32568,4095.0
P53127,463.0
Q06091,721.0
P36048,3148.0
Q12368,1530.0
Q03782,1564.0
Q12420,1709.0
P53207,2170.0
Q08826,3403.0
Q04053,1729.0
P53824,620.0
P00445,76043.0
P33750,4744.0
Q08817,1811.0
P38633,2888.0
P40317,1891.0
P53438,2287.0
P50278,4945.0
P37262,5788.0
P53315,5890.0
Q05676,1094.0
P39543,4917.0
P35497,1193.0
Q07786,1139.0
Q04748,731.0
P25582,5428.0
P53148,2684.0
P32380,3057.0
Q03954,1457.0
P46965,3338.0
Q04477,2103.0
P40014,1866.0
P33419,1475.0
Q04969,4963.0
P36131,2093.0
Q12133,4668.0
P36094,2464.0
P39723,1185.0
P38863,1794.0
P53540,1528.0
P08432,2417.0
P21182,6674.0
Q12074,22577.0
Q12455,3562.0
P39986,15064.0
P50088,1183.0
Q04398,3318.0
P42933,3.0
Q06160,672.0
P40092,4389.0
P38839,2180.0
P23179,1339.0
P17123,937.0
P36126,1781.0
P17122,0.0
Q03029,5335.0
Q04359,0.0
Q12411,0.0
P33757,907.0
Q03868,162.0
P40031,0.0
Q06134,1283.0
P18410,1104.0
Q03012,1704.0
Q02521,1012.0
P38282,2525.0
Q06411,556.0
P38904,1422.0
Q12282,21663.0
P41901,898.0
Q01684,1177.0
P32572,0.0
P08458,2611.0
P08459,238.0
P35208,660.0
P32363,1315.0
P13393,4563.0
P50875,2108.0
P35209,319.0
P35210,757.0
P06843,3223.0
P06844,1593.0
P32914,8567.0
P27692,9928.0
P35177,2320.0
P38915,2347.0
P53866,1832.0
P35184,6705.0
P34162,3966.0
P32569,3342.0
P32585,1756.0
P32570,3080.0
P47822,1994.0
P25648,534.0
Q03707,2065.0
P09007,1777.0
Q12516,714.0
Q08673,3304.0
Q12020,1302.0
P36167,1187.0
Q03085,0.0
P21827,9555.0
Q99176,1479.0
P38163,749.0
Q12038,2184.0
P25567,26393.0
P32916,4444.0
P36057,5274.0
Q02821,8820.0
P32342,4248.0
P32583,9434.0
P20424,8411.0
P38687,8214.0
P38688,6363.0
P12954,673.0
Q03175,28336.0
P17555,8760.0
P36077,1479.0
P10592,229625.0
P22202,13647.0
P0CS90,54905.0
P24276,8259.0
P32590,6616.0
P38789,5564.0
Q12153,2545.0
P38353,8385.0
P32343,722.0
Q07084,1790.0
P25390,123.0
P53599,1186.0
Q04673,2340.0
Q00578,2137.0
P40318,2480.0
P38931,1512.0
P39073,628.0
P47821,707.0
P32867,6133.0
P39931,5115.0
P38871,216.0
Q08646,3000.0
Q05931,3335.0
P35179,10099.0
P11972,2900.0
P41930,865.0
P53538,1620.0
Q03770,515.0
P47002,708.0
P38788,41718.0
P42845,1515.0
P46679,570.0
P50104,392.0
P38699,310.0
P36085,261.0
Q02794,721.0
P23561,1533.0
P13574,2668.0
P33894,1395.0
P32584,1719.0
Q06010,8034.0
P47154,9882.0
D6VTK4,4771.0
P06783,2561.0
P25344,2094.0
P32917,1766.0
P12866,2898.0
P06784,1466.0
P01098,6701.0
P32597,4405.0
P39015,70456.0
P38960,14.0
Q00947,1005.0
P25604,1129.0
P38704,610.0
Q05937,1838.0
Q07351,1537.0
P53101,2280.0
P38637,2120.0
P39007,5781.0
P37297,1920.0
P38198,1269.0
P46675,3476.0
P32579,2610.0
P29055,4262.0
P00724,2368.0
Q06524,1187.0
P32911,17154.0
P38359,711.0
Q12325,1348.0
P46676,2527.0
P05453,26399.0
P33300,2007.0
P38992,5344.0
P54003,7813.0
Q6WNK7,2657.0
P53032,593.0
P32580,882.0
Q03088,4216.0
P38869,2788.0
Q12254,2043.0
P31376,1122.0
P53201,2332.0
P38326,1754.0
Q06707,1684.0
P39706,1114.0
P36104,3950.0
P38123,1127.0
P32944,1047.0
Q04629,36.0
P35845,4819.0
P09547,2331.0
P25302,1278.0
P08153,1179.0
P09959,3241.0
P40342,1720.0
Q02795,8573.0
P43554,2501.0
Q05471,765.0
P53937,2875.0
Q12104,1307.0
P53873,1250.0
Q04175,7202.0
Q08553,2404.0
Q04048,1377.0
P53277,2581.0
P40528,2229.0
Q06563,1611.0
P31377,1672.0
Q07395,3014.0
P41544,999.0
Q06836,279.0
P53065,1204.0
P47058,1336.0
Q9URQ3,1205.0
P38340,3594.0
Q12030,4008.0
Q04226,2316.0
Q03761,4067.0
P11747,1522.0
P35189,5966.0
P46677,1633.0
P23255,1627.0
Q12297,2481.0
P50105,3562.0
P38129,5459.0
Q05021,1510.0
Q03750,2097.0
Q05027,4762.0
P47112,1866.0
Q12181,3729.0
P15019,44083.0
P53230,1666.0
P53072,3309.0
P40468,1005.0
Q04372,1580.0
P38085,3424.0
P38967,4315.0
P47030,207.0
Q06510,1471.0
Q02457,3130.0
P38114,779.0
P32613,2388.0
P48231,5242.0
P38756,3419.0
P36101,4922.0
P38228,1158.0
Q08921,1750.0
P12612,16756.0
P42938,4577.0
P38854,1136.0
Q03533,5299.0
P40045,1886.0
P47153,1840.0
Q06417,2036.0
P53882,1569.0
Q6B2U8,1340.0
Q04545,1550.0
P00360,80420.0
P38319,1095.0
P47988,1735.0
P18412,1151.0
YPR080W,533920.0
YBR118W,532551.0
P38110,1137.0
P53038,889.0
P38987,1543.0
P53851,1530.0
P36100,3514.0
P36145,3969.0
P32776,3260.0
Q02939,2270.0
Q03290,2530.0
Q12004,1971.0
Q3E7C1,1612.0
Q08816,2859.0
P32367,2691.0
P34111,1809.0
P33339,1718.0
Q06339,1603.0
Q12415,3046.0
Q12308,1632.0
P41895,4780.0
P41896,4632.0
P34163,3189.0
P54857,894.0
P40308,2339.0
P36165,2303.0
Q12043,1922.0
Q12052,1302.0
P53215,2451.0
P47183,752.0
P42883,1262.0
Q07748,1344.0
P38141,1226.0
Q07471,1453.0
P32318,1728.0
P43534,1193.0
Q08579,1244.0
Q07904,3894.0
Q04083,0.0
Q05998,1612.0
P35202,2263.0
P40040,8445.0
P53552,2258.0
Q08231,1358.0
O13539,2364.0
Q12049,3066.0
P38912,21045.0
P10081,92322.0
P40217,17836.0
Q04067,12175.0
P38431,30676.0
Q12522,15404.0
P87108,10765.0
P53299,9776.0
P39515,10216.0
Q08749,1778.0
P53220,2644.0
Q12328,1533.0
Q02776,7101.0
P47045,3862.0
P57744,7334.0
O74700,5940.0
P27654,14370.0
P33891,2401.0
P10863,1171.0
Q12218,1925.0
Q03322,2987.0
Q08144,1929.0
P40462,5216.0
Q08687,3718.0
P35691,90676.0
P89886,8015.0
Q03525,2965.0
Q12000,5032.0
Q3E764,9949.0
Q08422,2550.0
P47131,2715.0
Q06089,3141.0
Q12354,4694.0
Q04562,1162.0
P40071,1985.0
Q12116,3441.0
P53322,3790.0
P32773,2599.0
P34219,2059.0
P53840,1096.0
Q02208,1366.0
P39961,5.0
P46992,4773.0
P40310,4.0
Q03280,2853.0
P80967,6857.0
P33448,3181.0
P07213,14978.0
P04786,4130.0
P06786,3960.0
P13099,727.0
P35169,1323.0
P32600,1773.0
P38288,5693.0
P50078,857.0
Q06266,740.0
P48560,6737.0
P53257,319.0
P47072,2388.0
P06244,3555.0
P06245,2944.0
P05986,2563.0
P53099,1181.0
Q07824,3171.0
P53283,2938.0
Q06451,3768.0
Q12256,3846.0
P36029,764.0
Q03796,1243.0
P38426,9965.0
P38811,3744.0
Q08919,505.0
Q08693,738.0
P48561,1329.0
Q05024,1982.0
P12685,672.0
P28584,0.0
P09880,3511.0
Q12400,2941.0
P53738,9721.0
Q12463,2697.0
Q04235,1241.0
Q12383,1492.0
P33753,2427.0
Q07527,2626.0
Q02648,3625.0
Q03496,2995.0
Q03774,6694.0
P49957,1983.0
P00912,2532.0
P00937,14850.0
P00931,30438.0
Q04183,2048.0
Q03660,1131.0
P38334,2053.0
Q03784,2989.0
Q99394,2037.0
P32893,1421.0
P46944,1206.0
P22217,19160.0
P36159,2667.0
P40061,733.0
Q99190,7707.0
Q3E790,3371.0
P38427,12628.0
Q07381,4912.0
Q06672,4657.0
Q12094,2652.0
P36097,1244.0
P47168,1211.0
P09733,11926.0
P53378,3148.0
P36096,769.0
P16649,9774.0
Q06412,509.0
Q03860,4597.0
Q04767,5577.0
P38962,2275.0
P36164,3979.0
P33122,866.0
Q08960,4079.0
P53177,3821.0
Q08747,846.0
P22515,32355.0
P52488,3562.0
Q99344,1646.0
P38820,3270.0
P52492,1331.0
P52491,1679.0
P21734,8210.0
P15731,14172.0
P15732,3333.0
P33296,2708.0
Q02159,2692.0
P28263,2030.0
P50623,5656.0
P0CG63,4541.0
P53874,4079.0
P36026,220.0
P39538,3179.0
P38187,1759.0
P38237,3554.0
P50101,3426.0
Q02863,868.0
P25037,5029.0
Q01477,6584.0
P39944,771.0
P40453,707.0
P50102,1597.0
P39967,1350.0
P19812,3840.0
Q07963,301.0
Q04228,3056.0
Q12229,1356.0
P54730,3630.0
Q06682,2492.0
P47049,2127.0
Q05947,299.0
P53044,3773.0
P54860,4158.0
P33202,3065.0
P41834,1797.0
Q04511,702.0
P38067,3214.0
P26370,1226.0
P32837,0.0
Q03327,1376.0
P32861,26200.0
P32772,1180.0
P39547,1690.0
Q08926,1145.0
P36137,1500.0
Q12059,1140.0
P43604,1016.0
Q02724,1567.0
P40537,454.0
Q08562,1434.0
P39001,1199.0
P38293,2054.0
P12887,1854.0
Q12151,746.0
P48412,2274.0
Q05776,1172.0
P35200,2740.0
Q04006,1523.0
P07259,29323.0
P03962,13482.0
P13298,14295.0
P28274,21121.0
P47108,3271.0
Q04411,780.0
Q04179,2610.0
P27515,2498.0
P40554,3329.0
Q06525,1241.0
Q03714,1822.0
Q12208,2081.0
P53146,1290.0
P25386,3460.0
Q12132,210.0
P42945,8151.0
P34247,2383.0
Q05946,5561.0
Q04500,4748.0
Q04305,4501.0
P40362,5255.0
P35194,3410.0
Q06078,3719.0
P53254,6359.0
Q12339,3275.0
P40498,3750.0
P36144,3156.0
Q06679,4082.0
Q04177,4755.0
Q02354,4319.0
P53276,7347.0
P38882,6323.0
P21373,3317.0
P32623,6896.0
P32630,1133.0
P40003,2151.0
Q06708,2539.0
P25591,1041.0
P53950,985.0
Q12241,1394.0
Q07468,1347.0
P32912,2444.0
P23642,3403.0
P02381,3940.0
Q04301,673.0
P38358,8712.0
P25594,2772.0
Q04602,3911.0
Q99385,3352.0
P53058,694.0
P40080,1988.0
P38329,1063.0
P40522,1180.0
P40041,1253.0
Q03785,784.0
P40463,2180.0
Q08438,1413.0
P53241,1564.0
Q05934,2065.0
P38263,5114.0
P40157,4050.0
P40547,1156.0
P53076,2183.0
Q12045,693.0
Q06685,6646.0
P40570,1188.0
P48836,29531.0
P32842,3943.0
P23968,9361.0
P41806,3010.0
P38784,2287.0
P22203,40566.0
P31412,16708.0
P32366,14016.0
P39111,11748.0
P38735,1217.0
Q04311,3086.0
P42839,1348.0
P53262,12800.0
P32341,2843.0
P22219,665.0
Q03308,1798.0
P32913,2829.0
Q04272,1665.0
P36095,3465.0
P47142,2111.0
Q02767,1408.0
P38759,4474.0
Q02948,1625.0
P20795,2169.0
P22543,1561.0
P34110,4037.0
Q06696,1784.0
Q05919,749.0
P23643,1316.0
P38959,1771.0
P38932,3072.0
P36116,1696.0
P39904,2363.0
P47061,2504.0
Q12071,2323.0
P47111,2441.0
Q92331,3969.0
P53285,746.0
Q03944,926.0
Q12016,3000.0
P47161,60.0
Q03433,1243.0
Q03388,1253.0
P53142,472.0
P53853,3120.0
P39702,1353.0
P40107,20537.0
P37370,3203.0
Q06263,4268.0
P40046,5416.0
P43585,5824.0
Q02725,8066.0
P47075,13396.0
P40890,279.0
Q08831,3371.0
Q03631,1383.0
P34761,5072.0
Q07655,3069.0
Q12416,2478.0
Q2V2P8,4812.0
P53832,2048.0
Q12215,3698.0
P38739,320.0
P38838,1168.0
Q12363,21883.0
Q12206,3364.0
P40489,903.0
P39102,1886.0
P47165,2621.0
P33301,437.0
Q07993,1182.0
P47118,2334.0
P53930,1257.0
Q12184,3358.0
P14680,1639.0
P39728,1153.0
O13512,1219.0
P39711,0.0
O13511,0.0
P38856,2741.0
P53309,3634.0
P19880,2111.0
P38749,1947.0
P40574,472.0
Q03935,682.0
Q08182,1719.0
D6VPM8,1168.0
P39548,1641.0
P39563,1520.0
P80235,1047.0
P38202,6210.0
Q3E756,3220.0
P38201,1199.0
P38185,1128.0
P38180,1549.0
P38177,1567.0
Q3E7Y5,1211.0
Q7M4S9,881.0
P38315,2445.0
P53169,1994.0
P38215,8467.0
P38216,2167.0
P38220,1267.0
P38235,6080.0
P38081,6076.0
P38239,2663.0
P38083,1276.0
P38243,1600.0
P38253,9525.0
P38276,2402.0
P38277,366.0
P38299,528.0
P38306,1360.0
P38317,1703.0
P38318,1020.0
Q3E781,1761.0
P38321,1704.0
P38330,1748.0
P38142,2592.0
P38331,2636.0
P38338,1951.0
P38354,1276.0
P38355,2475.0
P39109,4264.0
Q06680,1535.0
P42937,3108.0
P23291,4031.0
P39962,3080.0
P25565,0.0
Q8J0M4,2022.0
Q96VH3,1385.0
P25572,12339.0
P25577,919.0
P25593,0.0
P25350,0.0
P25354,590.0
P25617,3782.0
P25351,1345.0
P25361,4388.0
P25631,4546.0
P25639,1083.0
P25650,1214.0
P37263,4253.0
P25657,0.0
Q06156,1533.0
Q12235,1122.0
Q02896,1712.0
Q12489,2988.0
Q07379,1184.0
Q3E7B7,4648.0
Q07505,8453.0
Q12103,195.0
Q07530,1051.0
Q07555,1467.0
Q07589,2760.0
Q12082,1532.0
Q12027,339.0
Q12257,1333.0
Q12301,830.0
P48569,764.0
Q12407,1263.0
Q12424,1128.0
Q12121,2152.0
Q07629,1130.0
Q07738,1300.0
Q12185,1165.0
Q12111,0.0
Q6Q5X2,2379.0
Q03205,1309.0
Q12298,3422.0
Q03864,498.0
Q04597,1179.0
Q04608,7763.0
Q03899,538.0
Q03480,1208.0
Q03482,2333.0
Q04925,1225.0
Q03780,1325.0
Q03786,3301.0
Q03787,1261.0
Q05497,1258.0
P87287,1244.0
Q04033,1217.0
Q04093,851.0
Q04408,863.0
Q03049,613.0
P40004,795.0
P39953,1008.0
P32622,600.0
Q07804,2544.0
Q07950,1879.0
P40001,1158.0
P39991,694.0
P32618,2379.0
P39978,1835.0
P39977,1289.0
P39971,1141.0
Q3E7X8,1172.0
P34225,755.0
P40028,642.0
P40011,1584.0
P40022,3666.0
P0CD97,675.0
Q3E7B0,7972.0
P40057,2230.0
P40082,1205.0
P40083,1130.0
P40095,784.0
P40101,0.0
P40102,2706.0
P40104,0.0
Q04210,1281.0
Q07451,8579.0
Q07540,2716.0
P43591,1437.0
P43580,1186.0
P43562,0.0
P43552,0.0
P43540,1259.0
P43539,1272.0
P43538,994.0
P0CX99,0.0
P43599,2119.0
P43617,710.0
P43625,1352.0
Q06676,2213.0
Q12222,705.0
P33199,0.0
P53186,1202.0
P53185,1352.0
P53183,4487.0
P53156,1179.0
P53155,3783.0
P53139,2525.0
P53134,1037.0
P53133,1858.0
P53132,1294.0
P53122,1392.0
P53120,1831.0
P53110,1951.0
P53100,1456.0
P53097,0.0
P53074,1241.0
P53071,0.0
Q3E740,1252.0
P53054,1202.0
P53209,737.0
P53210,2840.0
P53211,1347.0
P53217,4219.0
P53231,1136.0
P53235,14358.0
P53243,0.0
P53249,0.0
P53270,2276.0
P53272,1463.0
P53273,1631.0
P53274,2147.0
P53275,1083.0
P48238,1219.0
P42936,2552.0
P50089,1503.0
P53336,1895.0
Q05900,1777.0
P47040,1656.0
P38752,1275.0
P38750,819.0
P38709,0.0
P38745,2037.0
P38740,1057.0
P38729,1324.0
P38727,1177.0
P38722,1221.0
P38721,897.0
Q04013,13593.0
Q04116,857.0
P38763,1575.0
P38690,2162.0
P38775,2653.0
P38780,1167.0
P38799,550.0
P38716,3852.0
P38835,413.0
P38842,3489.0
P38864,149.0
P38870,663.0
P38887,1079.0
P38893,898.0
P0CX91,2383.0
P0CI67,1318.0
P38899,635.0
P38900,0.0
P40556,0.0
P53845,3070.0
P25637,3137.0
P40560,510.0
P40543,1436.0
P40524,925.0
P40519,0.0
P40514,2063.0
P40500,1137.0
P40497,1751.0
P40449,2246.0
P40446,33873.0
P40434,585.0
P53039,2382.0
P53093,1105.0
P53108,2083.0
P40572,0.0
P40586,1014.0
P47063,1148.0
P47053,0.0
P47052,10170.0
P40363,9042.0
P40361,1569.0
P42947,1480.0
P47022,1476.0
P47014,2241.0
P46996,0.0
P39542,439.0
P39529,483.0
P40896,58.0
P40892,1265.0
P40889,585.0
P47086,815.0
P47087,1257.0
P47090,639.0
P47115,1685.0
P47126,907.0
P47130,2125.0
P47137,5551.0
P47139,1230.0
P47152,1405.0
P47157,1325.0
P47159,736.0
P47173,3185.0
P47174,1266.0
P47181,1197.0
P28320,1891.0
P28321,6896.0
P52553,6599.0
P40544,14940.0
Q86ZR7,12770.0
P35736,3515.0
P35725,2223.0
P36088,3380.0
P36087,0.0
P36086,115509.0
P36083,2101.0
P33324,4332.0
P34251,947.0
P36052,1261.0
P35995,0.0
Q02203,1126.0
Q02209,1750.0
P36111,766.0
P36114,5866.0
P36134,117.0
P36138,1880.0
P36155,1928.0
P36158,1556.0
P0CE69,3244.0
P32807,1273.0
Q04437,1548.0
P38746,1392.0
Q07834,1510.0
P0CD98,1216.0
Q12244,216.0
Q12177,2805.0
Q12198,933.0
Q99208,1156.0
Q07888,2187.0
Q07895,1460.0
Q07978,0.0
Q07986,1489.0
Q07990,120550.0
Q12026,0.0
Q12259,1137.0
Q12138,1305.0
Q2V2P1,4685.0
Q99296,1409.0
P54072,1711.0
P0CE96,0.0
P0CE97,0.0
P0CE98,1226.0
Q06235,4626.0
Q06247,474.0
Q05948,3466.0
Q06146,12312.0
Q05854,1069.0
Q05867,639.0
Q05881,4763.0
Q05899,1251.0
Q06170,1849.0
O13565,1470.0
Q3E795,2279.0
Q3E747,3958.0
Q8TGT1,2102.0
Q06070,2984.0
Q06698,4875.0
Q06204,361.0
Q06199,1000.0
P54007,1258.0
O13556,1444.0
P0CX17,1152.0
P32331,2573.0
P38087,1529.0
Q03697,2384.0
P0CF17,1080.0
P0CF16,1184.0
Q03730,4289.0
Q03722,931.0
Q03703,1229.0
Q04978,1702.0
Q04533,2780.0
Q04526,1275.0
Q04489,1630.0
Q6B2I9,1229.0
Q03759,2757.0
Q03208,1141.0
Q03207,1126.0
Q03099,2187.0
P51998,3628.0
Q03675,5926.0
Q04371,7494.0
Q04276,0.0
A2P2R3,16168.0
P0CF18,1141.0
Q03161,13988.0
Q03177,1567.0
Q04471,928.0
P40211,1282.0
Q03795,579.0
Q03823,1185.0
Q03231,1378.0
Q03236,15.0
P47147,1165.0
Q03695,0.0
Q03648,2161.0
Q05016,17664.0
Q04018,1244.0
Q3E782,1672.0
Q04835,2736.0
P38430,1160.0
Q03508,1283.0
Q8TGS5,1734.0
Q04867,1919.0
P19955,3626.0
P40009,1126.0
Q08465,1204.0
P38806,1783.0
P36010,13884.0
P53980,1364.0
P53976,606.0
P53975,0.0
P53964,807.0
P53962,2758.0
P53960,2996.0
P53956,1475.0
P53952,3569.0
P53947,1431.0
P53934,952.0
P53932,1575.0
P53929,3675.0
P53925,2371.0
P53921,2275.0
P53912,18473.0
P53910,1402.0
P53908,4229.0
P53907,0.0
P53906,1584.0
Q3E7A8,966.0
P53891,1686.0
P53876,623.0
P53872,3075.0
P53870,1825.0
P40169,1995.0
P40168,1487.0
P53857,815.0
P42840,1779.0
P53719,2873.0
P53740,1828.0
P53747,773.0
P53750,700.0
P53751,1175.0
P53752,1055.0
P53757,1184.0
Q08157,2074.0
Q08206,500.0
Q08234,651.0
Q99345,0.0
Q12239,1904.0
Q3E769,1190.0
P0CF19,0.0
Q12351,737.0
Q99248,597.0
P36025,1615.0
Q12274,1013.0
Q08504,2284.0
Q08560,1385.0
P53049,3019.0
Q08634,1868.0
Q08734,1236.0
Q12040,6910.0
Q12012,2091.0
Q08743,0.0
Q08748,448.0
P08521,7438.0
Q99326,0.0
Q12182,1904.0
Q08909,1981.0
Q08910,1244.0
Q08912,1580.0
Q3E834,3784.0
Q99220,1153.0
P34161,1402.0
P38298,751.0
P34248,3553.0
P43587,1527.0
P12688,6096.0
P38070,3197.0
Q12697,2090.0
Q03083,286.0
Q02749,1254.0
Q02864,641.0
Q02831,1184.0
Q02895,2837.0
Q02872,1066.0
Q02961,506.0
Q12152,804.0
Q12042,2778.0
Q08930,1736.0
Q08954,5067.0
Q08964,2135.0
Q99395,1734.0
Q12179,2765.0
Q08980,1228.0
Q08989,2553.0
P46951,1755.0
Q12010,7945.0
Q06328,4289.0
P53394,1387.0
Q12251,1139.0
Q12079,2135.0
Q12160,3872.0
Q12492,1155.0
Q12346,1631.0
Q06813,1140.0
Q06821,572.0
O13585,2519.0
Q06107,4480.0
Q06116,437.0
Q06522,1404.0
Q06523,10986.0
P0C5R9,3706.0
Q06616,2582.0
Q06595,574.0
Q12458,14884.0
Q08995,371.0
P32329,2585.0
P53057,1782.0
P40583,125.0
Q06325,1085.0
P38146,1792.0
P48559,1243.0
P01123,17705.0
P38555,8340.0
P51996,4023.0
P38815,2059.0
P36018,9752.0
P36019,1177.0
Q99260,5189.0
Q12159,26822.0
P36036,3470.0
P41920,22691.0
P40517,5129.0
P53107,2396.0
P0CX20,635.0
P40105,635.0
P0CX14,635.0
O13559,913.0
P0CX21,585.0
P53819,1137.0
P0CX15,1922.0
P0CX22,635.0
Q12340,267.0
Q12172,622.0
Q01976,6334.0
P32792,1905.0
P32793,2644.0
P0C074,3426.0
Q06224,2253.0
Q06681,1886.0
P25036,442.0
P38280,0.0
P38374,2079.0
P40341,4411.0
P40340,2817.0
Q06102,1922.0
P53584,1579.0
P26725,707.0
Q12324,2628.0
Q02256,4228.0
P47043,1057.0
P50111,1162.0
P54786,691.0
Q08245,52943.0
P42844,3648.0
P31111,391.0
P53061,0.0
P53303,12248.0
Q12512,8105.0
P53735,1991.0
P40021,1635.0
Q12436,1872.0
P34240,766.0
P32527,46597.0
P11412,13982.0
