Protein name,Simulation abundance,Average degree,Average free proteins
metformin,316,0.014767932489451477,311.3333333333333
P62962,904,2.5902754025693295,334.6666666666667
Q3TIV5,272,0.19068736141906872,243.33333333333334
P13439,171,2.2174776564051637,60.666666666666664
Q9D6Z1,431,3.5670134827310225,17.333333333333332
Q99PV0,330,3.677074298930327,50.666666666666664
G5E829,61,0.21390374331550802,50.333333333333336
Q9JJK2,317,1.2669322709163346,178.0
Q8BK35,458,0.2607594936708861,389.3333333333333
P15116,666,2.87708496221006,303.0
P56959,434,0.040706605222734255,416.3333333333333
Q9D304,348,1.1195484864032836,220.33333333333334
P14576,310,14.013812129627109,1.3333333333333333
P97432,268,0.6408566721581549,190.66666666666666
Q5XJE5,82,0.7980769230769231,65.66666666666667
Q6ZWU9,770,1.4917387883556255,304.3333333333333
Q8K310,573,0.06552706552706553,546.6666666666666
Q3UKJ7,221,12.310681832359485,1.3333333333333333
Q9CQV8,530,2.6213264814517423,378.6666666666667
B2RQC6,224,16.99840641546291,1.0
A2ANY6,67,14.49161940768746,3.3333333333333335
Q8K268,299,3.4429758035391838,19.0
P97765,233,0.10453920220082531,217.0
P26450,135,2.1384297520661155,67.33333333333333
P42932,806,0.36840324763193505,622.3333333333334
Q8R0Y6,1912,3.8149687524887566,24.666666666666668
Q922R8,709,0.03319308087891538,689.3333333333334
Q80U70,55,0.21052631578947367,47.666666666666664
P20029,1548,3.2218965817422087,570.3333333333334
Q05915,168,0.14705882352941177,154.66666666666666
Q8C1B7,202,0.8320855614973262,147.66666666666666
Q3UVL4,266,2.042583392476934,116.66666666666667
P42337,64,0.036458333333333336,61.666666666666664
O89112,658,1.4380841121495327,278.0
Q61233,767,7.745862243569107,0.0
Q61235,356,3.6291378201490563,20.0
Q9R0P3,337,0.9834319526627219,218.0
Q8BGQ7,468,4.158406454866364,18.0
Q9D5T0,112,2.109689213893967,51.333333333333336
Q8CGA0,160,0.07228915662650602,154.0
P68181,112,0.11242603550295859,100.0
Q6Y7W8,137,0.8322784810126582,101.33333333333333
P62908,1396,0.6751341117071632,1209.0
P56565,412,0.016181229773462782,405.3333333333333
P17047,342,0.0341130604288499,330.3333333333333
Q6P9P6,46,0.02857142857142857,45.333333333333336
Q6NVE8,50,8.879297732260424,6.333333333333333
P51881,1331,3.1804647582498493,69.0
Q9DC51,224,0.9826800364630811,144.33333333333334
P51660,1011,3.740252753821194,20.0
Q91YR1,817,1.4641669186573933,314.6666666666667
Q9R049,349,1.6990276035131744,221.66666666666666
P55096,1336,0.02660367976131278,1305.0
P55284,340,5.556010455704973,2.6666666666666665
Q8BVZ1,123,0.10282776349614396,116.33333333333333
P63328,264,0.1697674418604651,238.0
P21279,110,0.9213709677419355,75.66666666666667
Q61823,172,3.4869077306733165,14.666666666666666
Q3UM45,111,0.7567567567567568,84.33333333333333
Q8BGS1,680,5.592148750690173,2.0
O35598,123,0.06504065040650407,115.0
Q61687,43,0.14728682170542637,36.666666666666664
Q9JI44,69,0.03864734299516908,66.33333333333333
Q9D2G2,847,1.3687249398556536,376.3333333333333
Q9JIW5,125,0.13895781637717122,115.66666666666667
P67984,670,0.540519877675841,487.3333333333333
P97792,265,2.2788951461517835,77.66666666666667
P26443,1442,2.8190322759078463,95.66666666666667
P46935,379,9.549477909961324,0.6666666666666666
Q70IV5,54,0.07142857142857142,52.0
P23249,318,0.2300556586270872,276.6666666666667
P08003,961,0.3013742409715564,728.6666666666666
Q80SY4,127,8.063595068137573,2.0
P24369,374,0.22748815165876776,326.0
P68040,191,13.500991371895738,0.0
Q99K90,58,0.4672897196261682,51.333333333333336
O89053,387,9.788468625871882,0.6666666666666666
P43277,215,0.3803921568627451,179.33333333333334
P43274,505,0.6049129989764586,339.3333333333333
Q91VM5,550,0.8099301784328937,372.6666666666667
Q9CSH3,68,0.7448275862068966,54.0
Q8BVE8,136,1.0664451827242525,91.33333333333333
Q7TQI3,156,0.11290322580645161,146.66666666666666
Q8QZT1,850,2.6163340497390237,112.66666666666667
Q9DCT2,184,0.1414141414141414,170.0
Q6P9R1,60,1.3824362606232294,42.333333333333336
P51612,70,5.140168400198118,21.0
Q9ESD7,122,0.0546448087431694,115.33333333333333
Q6IRU2,1053,0.40736072598941264,783.6666666666666
P97313,23,0.30666666666666664,17.333333333333332
Q9ERK4,353,3.521395556880871,18.333333333333332
Q8K4I3,76,0.1206896551724138,69.33333333333333
Q922Q8,352,2.462536690869767,63.0
P42227,487,6.479774120795769,2.6666666666666665
P80316,574,0.5068426197458455,388.3333333333333
Q99JF8,65,1.6532066508313539,45.666666666666664
P00405,221,0.4024691358024691,188.66666666666666
P12710,1548,0.4868035190615836,1050.0
P11031,325,0.17586529466791395,293.6666666666667
Q91WM1,59,2.9316770186335406,19.333333333333332
Q925B0,238,0.12745098039215685,207.66666666666666
P08228,253,2.0638870208473437,136.66666666666666
Q8K354,314,1.0378833433553818,199.66666666666666
Q8VE80,81,10.654860132823506,3.3333333333333335
O35218,107,4.097374179431072,14.0
Q91VH2,355,0.04037558685446009,340.6666666666667
B1AWN6,47,5.7292457948996205,4.666666666666667
Q8CI94,89,0.099644128113879,84.33333333333333
Q80U63,188,2.1325425477050026,82.66666666666667
Q80Z37,81,0.07905138339920949,77.66666666666667
Q9D8C4,481,2.5280824194084413,80.66666666666667
Q91XB0,87,0.11552346570397112,81.66666666666667
Q8BKH7,66,0.06060606060606061,62.0
Q9D0T1,424,0.2646657571623465,359.3333333333333
Q03265,1938,3.0785098739051824,116.66666666666667
Q91ZW3,92,5.647725053700449,5.0
O35129,672,0.44325396825396823,501.0
Q9Z0N2,71,1.56198347107438,44.666666666666664
P70333,655,3.926475150462245,12.0
Q3U1J4,593,0.3032904148783977,487.0
P62830,897,0.38717410848067124,681.6666666666666
P70168,466,0.07510431154381085,443.3333333333333
P22437,61,0.02185792349726776,59.666666666666664
O08553,300,0.1927710843373494,268.0
Q9Z1X4,154,3.342616033755274,23.333333333333332
Q9Z1W9,65,0.0,65.0
P63213,360,0.27741935483870966,298.6666666666667
Q9D0R2,708,4.711199484092863,3.3333333333333335
Q8VI75,207,2.2761477390403866,62.333333333333336
Q99MJ9,147,3.0049067713444555,39.666666666666664
P01887,638,0.023510971786833857,623.0
Q8CCB4,116,0.03389830508474576,114.0
P16045,490,1.3765414396329223,237.66666666666666
Q9Z0N1,374,2.1441693290734825,114.0
Q9Z277,116,4.180287974041777,7.333333333333333
Q9D0I8,136,0.11981566820276497,127.33333333333333
Q9D0I9,496,4.582541279517074,5.666666666666667
Q03141,78,4.729586023547284,8.666666666666666
P33242,70,0.009523809523809525,69.33333333333333
Q0VBL3,130,0.3722943722943723,115.33333333333333
Q91VW3,540,1.1515548281505728,323.6666666666667
P14148,525,0.11295273173726213,481.6666666666667
P49615,290,1.1172233136869678,181.66666666666666
Q9WTV7,107,0.10619469026548672,101.0
Q921M3,194,0.1523809523809524,178.0
Q91W86,129,0.15384615384615385,112.0
Q9R1P0,474,2.6173133235724744,68.0
Q8R5L3,112,0.011904761904761904,110.66666666666667
Q91Z96,429,1.0976821192052981,258.0
P62331,195,4.123280366855071,17.666666666666668
Q60668,382,2.443950548687318,77.0
Q921F4,218,1.0796610169491525,140.66666666666666
Q9JHK4,177,6.313861482856305,4.666666666666667
Q9CZX8,126,0.05555555555555555,119.0
Q8C0E2,81,0.188,68.33333333333333
Q99N57,236,4.584882992060176,3.0
P61211,370,0.03231597845601436,359.3333333333333
Q8C9B9,91,2.936017253774263,31.666666666666668
Q61699,329,0.37279596977329976,249.0
Q9D6F9,365,3.563783024425613,19.666666666666668
P39447,550,0.296969696969697,386.6666666666667
P68369,1696,4.4261603230753925,9.333333333333334
P98086,686,0.07359924026590693,650.3333333333334
Q9CW03,199,2.4474350854971503,62.333333333333336
Q99PN3,180,0.005555555555555556,179.0
P05784,3207,0.6143875567077123,1785.0
Q04750,212,0.9725638599810785,147.66666666666666
Q9JJK5,76,0.3357664233576642,60.666666666666664
P51863,347,0.1974025974025974,309.0
Q9D5V5,270,1.2552083333333333,162.0
Q9DBG9,272,1.6245072273324572,121.0
P70191,63,0.06349206349206349,59.0
P62196,1065,4.9841880701080274,3.0
P35639,115,0.08985507246376812,104.66666666666667
P00920,132,1.043227665706052,87.33333333333333
Q9JM76,111,0.08069164265129683,106.33333333333333
P97452,56,11.770258236865539,4.0
P80315,656,1.8088795349769493,308.6666666666667
P61164,409,0.2358015815959741,354.3333333333333
Q9JIX0,493,0.2671353251318102,417.0
Q9Z0X1,833,1.6649258997882852,303.0
Q9EP53,63,0.40703517587939697,43.333333333333336
Q6ZQF0,39,12.512544802867383,5.333333333333333
Q5XPI3,101,0.4157303370786517,87.33333333333333
O70456,136,0.20293398533007334,109.33333333333333
Q9R1Z8,397,0.08068459657701711,376.0
Q61792,461,0.5102432778489117,303.6666666666667
Q80U93,35,2.159235668789809,16.666666666666668
Q5FWH6,148,0.8315946348733234,113.0
Q9Z2G0,120,6.172118772018118,6.0
Q5SWD9,74,1.911620294599018,39.666666666666664
P62996,123,0.13164556962025317,114.33333333333333
P61620,288,0.5600691443388073,225.0
P14733,423,0.24337866857551896,352.3333333333333
P25444,682,0.13100634632819583,639.0
Q9CYI4,349,0.5153906866614049,251.33333333333334
P63017,2291,3.2772651510550572,167.66666666666666
Q5SV80,194,3.3840399002493764,20.0
O35551,51,0.0718954248366013,47.333333333333336
Q99KV1,194,1.5871632329635499,93.0
Q6GSS7,485,3.5981414160868623,15.666666666666666
Q3UW68,58,0.22916666666666666,54.666666666666664
Q3U5C7,52,5.94646591384358,7.0
Q9JLV1,346,2.0582993890020367,140.33333333333334
Q9JLV5,307,5.214428182877866,14.0
Q9D051,833,2.6005739819086715,102.33333333333333
Q9Z1K5,199,3.4770749447980256,15.666666666666666
Q9WTX6,416,1.6369741958289148,161.33333333333334
Q07113,81,14.148876404494382,2.0
Q3UDK1,209,0.019138755980861243,205.0
Q9JLM9,112,6.128447395301328,6.666666666666667
P58854,99,0.06514657980456026,95.66666666666667
Q68FM7,77,6.80822391154112,10.666666666666666
P42208,157,0.8217391304347826,117.0
Q8R5C5,329,0.21357466063348415,289.6666666666667
P09055,107,7.133605600933489,0.6666666666666666
Q9Z1D1,254,0.17266187050359713,230.0
Q61103,107,0.028037383177570093,104.0
Q3UHD6,194,4.423536351570565,8.666666666666666
P22366,123,4.159587233021358,16.0
Q9CQN1,690,2.5855391202802647,100.0
O54915,72,0.4307692307692308,65.33333333333333
Q9R0K7,88,0.041666666666666664,84.33333333333333
P11881,221,4.532569245463228,78.0
P35700,816,2.7707829781000513,143.0
P39429,410,1.141914191419142,309.6666666666667
Q5SRY7,157,0.05307855626326964,148.66666666666666
P03995,71,0.5682656826568265,61.666666666666664
Q9EQP2,358,1.1780055917986954,206.0
P21619,518,0.30349099099099097,412.3333333333333
Q00560,50,0.05333333333333334,47.333333333333336
O54833,79,1.7516339869281046,42.666666666666664
Q924Z4,336,1.215359828141783,187.0
P05132,112,1.0039292730844793,64.0
P26231,940,2.5257771293906406,533.0
Q6VN19,204,3.426746285238161,18.333333333333332
Q99KP6,225,0.29426751592356687,184.66666666666666
P70335,40,0.025,39.0
P70336,40,0.6307692307692307,23.333333333333332
P43276,106,0.12941176470588237,98.66666666666667
Q91XD4,1012,4.732677354038492,1.6666666666666667
P55200,64,0.135678391959799,58.0
Q9Z2H2,68,4.0789605197401295,14.333333333333334
Q6DID3,60,0.02197802197802198,59.333333333333336
Q08879,99,20.57328544552762,1.6666666666666667
Q06185,1010,0.43005181347150256,733.3333333333334
Q3UYV9,105,3.087896916705016,27.0
O09044,234,0.12976022566995768,210.33333333333334
Q8BMF4,747,3.7330985364326525,14.0
Q63ZW7,62,20.38974749673487,3.3333333333333335
P47757,1239,1.9317088312897719,952.6666666666666
P26369,679,2.6742970705137643,70.0
Q6WKZ8,237,0.8426862925482981,174.33333333333334
Q9CRA5,123,0.08311688311688312,117.66666666666667
Q7TME0,55,0.10059171597633136,50.666666666666664
P70297,320,5.454707102637558,3.6666666666666665
Q7TMB8,205,0.1849624060150376,182.0
Q9Z2U0,597,2.569244135534318,91.0
P20491,230,2.0706476030277545,95.33333333333333
Q8BFY9,229,2.293030794165316,65.66666666666667
Q8CH18,88,0.8366336633663366,68.66666666666667
Q80YE7,186,0.02867383512544803,180.66666666666666
Q9QXE7,67,15.80349009168885,2.3333333333333335
Q91X51,74,0.7951070336391437,57.666666666666664
Q8VDQ8,77,0.13692946058091288,70.66666666666667
Q8R2N2,129,12.153461605533918,3.3333333333333335
Q99NH0,75,20.895526960784313,3.3333333333333335
P63038,1649,0.9654027830971531,777.0
P08249,561,2.1079727285376375,242.33333333333334
Q91W39,140,0.06190476190476191,131.33333333333334
Q99JI4,774,0.9367336929867582,466.0
Q9CQD1,104,3.2276605298607994,23.666666666666668
Q9QXS6,406,0.40656396517079707,337.3333333333333
Q91WM3,70,9.902344756506055,4.666666666666667
Q99LT0,369,0.20728744939271254,326.3333333333333
P11531,151,0.9606060606060606,104.66666666666667
O09110,255,0.9123376623376623,186.0
Q9Z1A1,369,1.2918046357615893,188.33333333333334
Q8VEK3,837,3.9516874557008803,13.333333333333334
Q8QZY9,251,1.1784005468215994,153.0
Q8R1I1,489,0.23783783783783785,423.0
Q8BHD8,79,0.11155378486055777,74.33333333333333
Q61081,76,6.154923112233188,9.333333333333334
P80318,753,0.14918105356352368,640.6666666666666
Q9QZZ4,57,9.32828179397911,5.0
Q8C0J2,106,0.7757575757575758,79.0
Q8BX09,114,6.222545708629323,8.0
Q9EQ06,641,1.2820989087531924,321.6666666666667
Q91VN0,38,0.12280701754385964,33.333333333333336
P97494,630,0.0656084656084656,588.6666666666666
P56480,1980,4.004494079421756,29.0
Q6Q899,49,0.11564625850340136,43.333333333333336
Q9ES28,89,7.863744640304907,0.0
Q99LC9,369,3.6199055518076113,11.666666666666666
Q9QYC0,474,1.3510895883777239,223.33333333333334
P25446,143,0.0963302752293578,132.0
O55106,54,0.043209876543209874,51.666666666666664
Q8CH72,84,0.22348484848484848,68.33333333333333
P60898,296,1.0575719649561952,186.66666666666666
O35343,66,9.76390977443609,6.0
P63037,787,2.668181569293106,84.66666666666667
P49586,111,0.2371967654986523,94.33333333333333
Q9D0E1,619,2.6271667809225345,70.66666666666667
O08601,639,0.3072847682119205,523.0
Q9D7S9,249,0.17135862913096694,225.66666666666666
Q68FH0,241,2.500805523590334,57.0
Q6QI06,36,0.046296296296296294,34.333333333333336
P13864,105,0.49722222222222223,77.0
P61979,1010,0.12796352583586626,956.3333333333334
Q8VCF0,365,0.15700267618198038,325.6666666666667
Q8BJ71,188,0.13861386138613863,174.0
Q61598,909,0.40105540897097625,681.0
P26516,868,0.09485407066052227,785.6666666666666
Q9DCW4,508,1.3258362168396771,247.33333333333334
Q8CB77,162,0.03483606557377049,157.0
Q9WVM3,191,2.2956589753617522,62.333333333333336
P39054,374,5.499964137654029,3.0
Q9D6M3,469,2.579331471303721,63.0
P63082,772,1.4575943244114802,304.6666666666667
Q925I1,386,1.3003207698476342,198.33333333333334
Q9QYI3,260,13.33791511463197,0.6666666666666666
Q8R0H9,121,4.17169373549884,15.0
Q99104,49,0.06802721088435375,45.666666666666664
Q9DCH6,103,0.740909090909091,82.66666666666667
Q9EPK7,120,0.8357664233576643,92.66666666666667
P03911,121,0.13367609254498714,112.33333333333333
Q9ES00,239,2.9908744211386544,119.0
Q6PCM2,51,0.6570048309178744,42.333333333333336
Q9DBH0,183,9.267548894327609,1.0
Q6ZWS8,110,3.200625558534406,16.333333333333332
Q9DCV7,174,0.14893617021276595,160.0
Q8R516,98,7.6001938454082865,4.666666666666667
P08032,74,21.85443249103494,1.0
Q923B3,156,0.7734375,103.0
Q99LC3,336,1.0086455331412103,223.66666666666666
P59708,350,0.24414715719063546,301.3333333333333
P56477,67,0.014925373134328358,66.0
Q62018,76,12.836768617021276,0.0
Q99MI1,134,0.34988713318284426,116.66666666666667
Q60596,61,4.127340823970037,9.666666666666666
P14206,854,0.3702290076335878,660.0
Q91YD9,247,0.050870147255689425,236.33333333333334
P62320,541,0.26324237560192615,459.0
Q8BTW3,164,0.08560311284046693,156.66666666666666
Q99KD5,233,5.451301970939433,3.3333333333333335
Q9QYJ3,141,0.9410898379970545,93.33333333333333
Q8R4N0,184,0.1095890410958904,173.33333333333334
P16858,1781,12.765260154183938,0.0
O55131,246,0.025745257452574527,239.66666666666666
Q3TWW8,114,2.0443655723158827,51.666666666666664
Q8BGS2,387,0.21795855717574827,339.6666666666667
Q9Z0H3,76,0.20851063829787234,66.66666666666667
Q61584,470,2.497262679475261,93.0
Q925J9,39,0.03418803418803419,37.666666666666664
P60762,222,0.8820662768031189,161.66666666666666
Q9DC63,118,3.1751563896336013,41.333333333333336
Q99JX7,225,0.025185185185185185,219.33333333333334
Q7TPV4,239,0.21515561569688768,205.33333333333334
P26645,131,0.11510791366906475,123.0
P62814,430,2.372410032715376,105.33333333333333
Q9JI39,128,2.726504751847941,52.0
P56399,695,5.68276882753945,0.3333333333333333
Q9QXY6,700,2.2693535150907267,189.66666666666666
Q99NE5,39,0.017094017094017096,38.333333333333336
Q8R317,3634,2.92036719111011,105.0
Q91W43,370,2.418545970667087,87.0
Q9QZE5,560,0.31155778894472363,456.6666666666667
Q99MY8,28,0.08333333333333333,25.666666666666668
Q9D0R4,144,3.2513996267661955,26.333333333333332
Q8CJF7,32,0.0,32.0
Q2EMV9,141,0.1179245283018868,125.33333333333333
P15105,920,2.650976842422871,97.66666666666667
Q91XU0,352,8.07539155826918,3.3333333333333335
P28352,147,0.3815261044176707,119.33333333333333
Q99LJ7,113,5.3007590132827325,8.666666666666666
Q8BMJ2,305,5.390519293779318,5.666666666666667
Q9WVG6,88,0.0,88.0
Q9JIG7,208,0.14836795252225518,191.33333333333334
P38647,2034,0.766670730220651,1400.6666666666667
Q04998,127,0.8364888123924269,97.0
Q9JHU4,658,0.2211031175059952,570.0
P28650,71,0.13973799126637554,65.66666666666667
Q9QXN3,107,0.04984423676012461,101.66666666666667
Q9QZ85,667,1.189346124715981,363.3333333333333
Q924W6,43,0.030534351145038167,42.333333333333336
Q9Z0S1,196,0.13924050632911392,181.33333333333334
Q91YT0,375,2.2955006080259426,124.0
Q8BX02,150,2.3742528735632185,43.666666666666664
P19137,67,0.01990049751243781,65.66666666666667
P62827,354,2.397229381443299,85.33333333333333
A2AN08,472,0.25830258302583026,402.0
Q99LB6,117,2.021487603305785,53.333333333333336
E9Q6R7,349,0.038204393505253106,335.6666666666667
Q8VE92,178,2.2172318973418883,63.333333333333336
Q9DBS5,244,8.318536904780034,1.6666666666666667
P62315,310,0.16205533596837945,282.6666666666667
P56391,616,0.33062330623306235,494.0
Q9D773,231,0.9991532599491956,157.66666666666666
Q921T2,239,0.1701534170153417,198.33333333333334
P97868,62,3.0385818561001043,18.333333333333332
Q9CR68,93,0.3231707317073171,81.33333333333333
P70280,101,0.0761904761904762,97.0
Q9JJ28,848,6.719204175202756,0.6666666666666666
Q8R307,68,0.9206349206349206,34.0
P14069,159,0.13916500994035785,144.33333333333334
Q6PF93,100,5.2302687895908235,11.0
Q9DBN5,694,4.671107159216447,3.0
Q9Z1Z0,465,1.206884439761152,267.6666666666667
Q08369,76,0.039473684210526314,73.0
P12382,122,0.060109289617486336,114.66666666666667
Q9CXF4,365,0.16429170159262363,332.3333333333333
Q61550,206,0.024271844660194174,201.0
O08738,155,0.13627254509018036,143.66666666666666
Q8BGY2,123,0.12213740458015267,115.0
Q924T7,92,3.295913088463528,17.333333333333332
Q9DAW9,392,3.693595525888508,25.0
P62960,534,0.10714285714285714,500.0
Q9Z2X1,308,2.343200343200343,78.66666666666667
P48410,125,2.3139931740614332,48.666666666666664
Q80U95,187,0.9490790899241603,134.33333333333334
Q8CIB5,308,3.5344312918167784,28.0
Q8JZM7,195,0.05254237288135593,187.0
P62192,1417,4.92887691204538,7.0
Q61466,94,0.7901234567901234,71.66666666666667
Q61768,281,1.3026315789473684,211.0
P70288,192,2.9681059862610404,108.33333333333333
Q91VB8,318,1.2190867111339148,177.0
Q6P9Q6,76,0.034482758620689655,74.66666666666667
P21958,114,0.13157894736842105,99.0
P70362,384,1.4754636785162287,258.3333333333333
P80317,642,0.27133367399080227,494.6666666666667
Q9Z2X8,191,11.023799302848705,1.3333333333333333
Q62523,92,0.06159420289855073,86.33333333333333
Q6A068,349,1.1564027370478984,199.33333333333334
Q01853,1594,14.331600993872852,0.0
Q60751,40,0.1,36.0
Q9CZD3,176,3.4126156433978134,19.0
P19157,8085,1.7641224404653761,923.6666666666666
Q9DCX2,165,0.1425891181988743,152.33333333333334
Q9JKV1,709,0.3045037863690713,581.6666666666666
Q80UG5,462,4.50524346138271,10.333333333333334
P61358,359,2.5799457994579944,85.0
P62754,490,0.13060686015831136,439.3333333333333
Q8BG80,62,0.02127659574468085,61.333333333333336
Q61391,189,0.2570093457943925,169.0
Q61937,500,4.926768450063433,35.333333333333336
Q5SYD0,811,3.7514540001699874,12.0
Q9CWJ9,383,3.5516247482923364,17.0
O08807,181,1.952802359882006,85.0
Q9R1C7,217,13.246489365074334,0.6666666666666666
P70195,452,0.8215613382899628,306.6666666666667
Q99N95,180,0.11188811188811189,169.33333333333334
Q920Q8,60,11.695365853658537,5.333333333333333
O70404,395,0.014345991561181435,389.3333333333333
P50516,361,2.682751121380998,72.0
Q9CQR6,120,0.0748663101604278,115.33333333333333
P70365,40,7.850910470409712,7.666666666666667
Q925U4,59,0.08648648648648649,56.333333333333336
Q9WTI7,1435,5.792574364046808,0.6666666666666666
Q9Z2D8,89,1.6113013698630136,48.333333333333336
Q3U0D9,50,4.094287680660702,12.666666666666666
Q5SRX1,253,2.3217439293598234,74.0
Q9DBJ1,282,0.2301255230125523,245.33333333333334
Q68FG2,950,23.27557653682338,0.0
Q9Z1R9,1021,0.4125421093547551,755.6666666666666
Q64324,152,0.12345679012345678,142.0
Q9JHJ0,1101,0.4312514842080266,798.3333333333334
P63260,5419,0.760130562853276,2366.0
O70251,732,2.0407159716758456,250.66666666666666
O35350,249,0.9276315789473685,174.0
Q8C0C7,339,2.069282814614344,135.66666666666666
Q9CXW3,98,1.9178433889602053,41.666666666666664
O09061,139,0.1342281879194631,129.0
Q8VBV4,85,0.3694029850746269,65.0
Q6DR99,82,0.302158273381295,72.66666666666667
O88532,187,0.9627263045793397,127.66666666666667
Q99MP8,505,2.4452238117212737,111.0
Q9JKY0,123,0.042440318302387266,120.33333333333333
P35564,536,0.41062308478038817,422.0
Q01320,300,0.44881889763779526,226.66666666666666
P59108,242,5.2851099830795265,6.0
Q93092,202,0.18562874251497005,181.33333333333334
Q6ZWY3,1062,0.41492537313432837,784.0
O08663,196,0.10841423948220065,183.66666666666666
Q91VA7,233,0.13324360699865412,214.66666666666666
A2AH22,42,3.1635846372688476,14.333333333333334
P98203,391,0.6819610307982401,307.3333333333333
Q9WV32,236,0.19047619047619047,192.66666666666666
P83940,756,1.3703345581125508,317.0
E9PYG6,81,0.053497942386831275,76.66666666666667
Q8CDN6,407,0.7008450704225352,299.6666666666667
Q9D0M3,416,0.2545454545454545,355.3333333333333
P37040,671,2.5268900154286973,104.0
Q80XI3,38,0.008771929824561403,37.666666666666664
P02463,195,22.981945253348865,0.3333333333333333
Q9DB15,108,0.10526315789473684,102.0
P26039,636,0.09787674779906784,584.0
Q01063,78,0.07264957264957266,72.33333333333333
Q8K4Z5,201,0.896551724137931,146.33333333333334
Q3UZP4,349,0.6953955135773318,258.0
Q99J45,130,0.3465346534653465,98.0
A2AJI0,74,0.035398230088495575,72.66666666666667
Q9Z0E6,138,0.867862969004894,91.66666666666667
Q02053,644,0.24739130434782608,577.0
Q02819,69,0.01932367149758454,67.66666666666667
Q8VEM8,513,2.717775726155813,65.33333333333333
Q99J47,171,0.7053941908713693,135.0
Q9Z2N8,73,0.06818181818181818,69.0
P46096,164,3.4508279824264956,18.666666666666668
Q9DBE8,180,0.07142857142857142,173.33333333333334
Q9D8B3,101,0.10031347962382445,95.66666666666667
Q925E7,70,0.03333333333333333,67.66666666666667
Q9CQP2,216,0.8846153846153846,152.0
Q9QZH6,71,0.018779342723004695,69.66666666666667
Q9EP71,352,4.592399258464241,5.333333333333333
Q99JB2,230,0.15013404825737264,211.33333333333334
Q8BIW1,142,2.1551724137931036,60.666666666666664
Q8K4L3,539,1.3468834688346885,276.6666666666667
O70133,376,0.6061016949152542,310.3333333333333
Q9QUM9,289,2.3875807459887475,73.66666666666667
Q8R1M2,1766,1.537345733169562,551.6666666666666
Q6ZQL4,116,8.360961686244373,2.6666666666666665
Q9R0Q6,513,7.591886779233517,0.0
Q62167,891,1.364059450532953,401.0
Q99JR8,186,0.012544802867383513,183.66666666666666
Q6NVF9,131,0.25995316159250587,114.66666666666667
Q91VC3,390,1.179663937957777,232.33333333333334
P04441,90,1.8735955056179776,56.666666666666664
Q9CY58,320,1.2337468982630273,181.0
P63154,183,15.068301357511396,0.0
O89017,366,0.21753246753246752,321.3333333333333
P04104,466,0.24592220828105396,400.6666666666667
P02469,148,0.009009009009009009,146.66666666666666
Q3UTJ2,726,2.2552597119161937,386.3333333333333
Q6PDG5,88,0.5818713450292398,71.66666666666667
A2AQ07,174,3.384876653557383,19.0
P10126,2944,2.0077737311779864,2407.3333333333335
Q6ZQ38,417,0.05515587529976019,394.0
Q9Z1R2,977,0.6773719048786467,634.6666666666666
Q9QXL2,37,11.693703308431163,5.333333333333333
Q8VI94,161,0.6267281105990783,129.0
Q9DB00,32,0.07291666666666667,29.666666666666668
Q60865,347,0.10671573137074516,323.6666666666667
Q8R480,130,0.125,121.33333333333333
Q8R5F7,148,4.790324633991088,15.0
P49698,278,0.9464544138929089,195.33333333333334
P62918,357,1.1445198836081474,220.0
P14869,957,0.15459391658827218,898.6666666666666
D3YXK2,70,1.8461538461538463,38.666666666666664
Q8K3H0,247,0.8843881856540085,181.66666666666666
Q9CZU6,378,0.26811594202898553,303.0
Q9Z0R4,72,0.23318385650224216,60.333333333333336
Q3UYI5,206,4.411502516175413,8.666666666666666
Q9EQZ6,94,0.0070921985815602835,93.33333333333333
Q9JKX4,196,0.07312925170068027,181.66666666666666
Q60953,102,0.7560975609756098,76.0
Q6PDM2,214,1.109075770191507,138.33333333333334
P52633,74,0.10775862068965517,69.0
Q8VCZ3,86,0.8894348894348895,63.666666666666664
Q99LL5,214,6.461673842672617,3.0
O54941,104,0.1712538226299694,91.0
Q8VHR5,108,0.04819277108433735,105.33333333333333
Q60749,229,1.4976780185758514,108.33333333333333
Q8VDM6,73,3.063664596273292,20.0
P27546,93,3.3084905660377357,14.0
Q60680,212,0.34487951807228917,166.33333333333334
P54103,169,3.3795788356043177,23.666666666666668
Q8BX10,89,0.21602787456445993,79.0
Q9QXX4,765,2.66879582858074,68.33333333333333
P40336,116,0.15229885057471265,98.33333333333333
Q9D880,431,0.28172757475083055,360.3333333333333
Q8BKX1,293,2.640407784986098,81.33333333333333
Q91ZX7,520,0.08208020050125313,495.0
P08101,118,0.022598870056497175,115.33333333333333
P60335,690,2.727026354359669,73.66666666666667
Q8BGD9,192,0.18867924528301888,172.0
Q8K4B0,97,6.111261205943755,1.0
Q8BG81,197,0.11483253588516747,185.0
Q9EPU0,393,1.0725047080979284,253.33333333333334
Q3UH93,35,12.096285714285715,7.0
Q3TCH7,410,2.7387951581997476,119.0
A2AGT5,48,0.0,48.0
Q9EPU4,105,0.07339449541284404,101.0
Q9DB77,356,1.1862652869238006,206.66666666666666
Q3UHD1,38,7.251041666666667,6.666666666666667
Q60575,93,4.110830438901169,14.666666666666666
Q99PT1,104,0.08695652173913043,98.0
Q6P542,274,3.4721599724185483,22.0
Q8BHD7,190,2.3424710424710424,48.333333333333336
O70435,354,2.413400758533502,78.66666666666667
Q8R4E9,64,1.187878787878788,42.0
Q9R078,130,0.9903381642512077,89.33333333333333
P62141,298,0.21912350597609562,261.3333333333333
Q91ZJ5,846,0.37516005121638923,650.6666666666666
P27661,565,1.2256438969764838,298.6666666666667
Q9CVB6,689,0.3444132959551462,545.6666666666666
O89023,204,2.350146436706801,65.66666666666667
Q3UJB0,244,3.5582089552238805,29.0
Q8CIN4,175,3.274534161490683,28.333333333333332
P28843,324,1.011262596324837,206.33333333333334
Q9JKF1,205,0.011382113821138212,202.66666666666666
O08917,638,0.2032355915065723,533.3333333333334
P60843,810,1.36023251837921,369.0
Q91VR5,547,3.9048465829846584,16.666666666666668
Q8CJG0,102,0.016339869281045753,100.33333333333333
Q5SNZ0,109,0.46612466124661245,87.66666666666667
Q9JMK2,127,1.3583815028901733,68.66666666666667
A2A8L5,125,11.307341411261582,0.0
Q9QVP9,105,0.190625,88.33333333333333
Q9Z172,351,0.19846022241231823,312.3333333333333
Q60855,58,3.1139240506329116,8.333333333333334
P68368,1113,3.7918190490300816,10.333333333333334
Q6NZL1,63,3.849056603773585,15.666666666666666
Q8BH59,304,2.469815794273208,61.0
Q9JHS3,496,1.4856298683857105,220.66666666666666
Q68FD5,2486,1.8681631653089974,1816.3333333333333
Q80XI6,91,3.081621906266456,21.666666666666668
A2AR02,152,0.13877551020408163,140.66666666666666
Q9EQF5,639,0.3395409268081421,508.3333333333333
Q60809,265,0.1490104772991851,243.66666666666666
Q9QZD9,434,8.644667356909101,0.0
Q8VDM4,1074,1.5329279604246109,370.3333333333333
Q9QZD8,588,2.5954669084315505,63.666666666666664
Q99K30,401,3.5389162561576355,25.333333333333332
O70503,453,1.143183549124143,258.0
Q91YI4,74,0.25663716814159293,58.666666666666664
P11983,665,0.5870607028753994,429.3333333333333
Q62383,62,3.0061919504643964,22.666666666666668
Q9CR16,112,5.099967437316835,10.0
P97855,470,1.2274590163934427,260.6666666666667
P17426,741,3.661213067675635,14.333333333333334
Q63850,69,0.2895927601809955,55.0
Q9Z2A0,63,0.502092050209205,53.0
O35638,42,0.03968253968253968,40.333333333333336
Q9CWK8,423,3.4759741458910436,35.666666666666664
Q91V92,915,1.1530469840285316,765.6666666666666
Q9WTX8,96,0.09271523178807947,91.33333333333333
P09803,297,3.24249699879952,116.0
P47941,123,5.057976704619814,3.6666666666666665
Q9QXS1,890,0.08169934640522876,843.0
Q922S8,56,0.023529411764705882,55.333333333333336
P10639,1034,1.3711622807017543,477.3333333333333
Q5EG47,63,0.08376963350785341,59.666666666666664
O08583,514,0.23972602739726026,444.0
Q8BVE3,294,0.475177304964539,240.0
Q3UQ84,177,4.371366757595711,11.666666666666666
Q8R3P6,67,0.03902439024390244,65.66666666666667
P48962,352,2.5562709966405377,54.666666666666664
Q6ZWX6,490,2.351966873706004,116.0
P06151,919,0.2847795163584637,838.0
Q8BWY3,239,3.477762619372442,23.0
Q9WUK4,140,3.1768115942028987,20.333333333333332
P97333,50,0.013333333333333334,49.333333333333336
Q99LX0,113,0.05475504322766571,109.33333333333333
Q68FF6,55,4.5993079584775085,7.666666666666667
O54950,340,0.0410958904109589,328.0
P46662,85,4.0997171145686,11.333333333333334
Q80W00,90,0.4484848484848485,79.33333333333333
Q9CXW4,251,1.098718914845516,165.0
Q9D1P2,121,0.4966887417218543,105.33333333333333
O55033,109,7.083100708610694,0.0
Q9ET26,244,0.14213197969543148,225.33333333333334
Q6ZWV3,337,0.21535745807590467,296.3333333333333
Q68FL6,425,2.458047624984416,83.66666666666667
O88983,238,0.19121447028423771,210.0
Q3TIX9,188,0.8714448236632537,138.33333333333334
Q61879,916,0.39855784988528353,696.3333333333334
Q9D2R0,373,0.19661563255439163,332.3333333333333
Q61990,356,2.492616487455197,57.0
P09411,891,0.4008375710439725,667.6666666666666
Q9CPN9,326,0.16853932584269662,296.0
Q8BK63,114,0.03216374269005848,110.33333333333333
Q6S5J6,55,0.5308056872037915,46.333333333333336
Q2NL51,122,1.330173775671406,79.0
Q8BJW6,63,0.13793103448275862,58.333333333333336
Q6PCN7,67,4.068678459937565,14.666666666666666
Q8C147,46,0.02857142857142857,45.333333333333336
P62915,85,2.8218966846569007,35.666666666666664
Q9ET54,164,7.24695080786714,3.6666666666666665
Q99LI5,89,2.278782112274025,33.333333333333336
P46660,96,0.42201834862385323,81.0
Q04736,372,5.566867423364991,3.6666666666666665
P08775,133,7.004936182215641,6.0
Q9D593,98,0.11538461538461539,92.0
P97315,111,3.33811320754717,18.666666666666668
Q9CZU3,123,3.279816513761468,24.0
P21981,1009,4.588530432059002,10.0
Q811U4,199,0.04187604690117253,190.66666666666666
Q60960,243,9.35494009035553,1.6666666666666667
Q9WTX5,286,2.8948674213056287,38.666666666666664
A2A5R2,137,2.157019294743846,55.0
Q3TKT4,53,3.4127358490566038,12.333333333333334
O88545,119,0.022408963585434174,116.33333333333333
P63101,287,9.194127491252091,0.6666666666666666
P42230,53,5.302878026496117,1.0
Q8K1C9,132,0.08695652173913043,126.0
P61089,122,0.20833333333333334,109.33333333333333
Q3TCJ1,128,0.057291666666666664,120.66666666666667
Q02257,880,3.510991520298209,53.666666666666664
Q3TIX6,203,5.386836602608782,6.0
Q8BZM1,61,0.0427807486631016,59.666666666666664
Q9QYJ0,629,2.5748141523671118,103.66666666666667
Q9DAX9,107,0.09495548961424333,101.66666666666667
Q8BWG8,74,2.647876447876448,15.333333333333334
Q9WVJ2,650,0.3028720626631854,534.0
P62737,1073,0.2157337367624811,880.0
Q922J3,40,0.058333333333333334,37.666666666666664
Q8R326,66,1.6923076923076923,38.333333333333336
Q62261,1303,23.460042618236727,0.0
Q7TNC4,196,0.13924050632911392,181.33333333333334
Q00899,107,2.658720200752823,21.333333333333332
P58771,856,0.09544049459041731,780.3333333333334
Q60692,283,0.22570532915360503,247.0
Q924C1,43,0.2953020134228188,37.666666666666664
P69566,207,3.6105046094129065,17.0
P16015,1350,1.5626196859440826,405.6666666666667
Q9JMH9,901,0.08795137647479442,850.3333333333334
P61963,181,6.338822133214657,2.3333333333333335
P97465,70,2.735869565217391,17.666666666666668
Q9JM13,487,2.567519597692649,80.66666666666667
O70589,139,10.072006029049055,1.3333333333333333
Q9EQC5,107,0.39896373056994816,95.33333333333333
Q8K1E0,179,0.7566204287515763,131.0
P50543,339,0.21108179419525067,299.0
P20152,1266,0.16894865525672373,1139.6666666666667
Q9QZQ8,320,1.1176470588235294,185.33333333333334
Q8CFX3,117,6.318189610834905,6.0
Q8BFZ9,478,0.33668044890726523,389.6666666666667
Q9CQI6,126,0.46938775510204084,69.33333333333333
Q9Z1G4,206,0.038834951456310676,198.0
Q9ERR1,141,1.1748031496062992,77.0
Q9QXB9,112,1.9215686274509804,58.333333333333336
Q8K3K8,87,1.7813021702838063,51.333333333333336
Q62095,300,0.9718792866941015,176.33333333333334
Q923U0,155,2.760750228728271,39.666666666666664
Q9CXS4,461,0.2438095238095238,397.0
P70426,101,2.393249607535322,31.0
P60670,462,3.204704269617841,135.0
Q91YE7,105,1.8584474885844748,59.333333333333336
Q8BK64,283,2.0332871012482663,108.66666666666667
P19973,382,0.2121684867394696,336.6666666666667
P27612,891,0.013084112149532711,880.0
Q9ERG2,54,11.509845288326302,6.0
O55029,625,11.61036742613748,0.0
P61202,157,1.191025641025641,99.0
Q9Z1B8,65,3.035304501323919,17.333333333333332
P35980,266,0.14418604651162792,245.33333333333334
P48678,932,1.9161224785952693,203.66666666666666
O70400,348,3.51970510110045,19.666666666666668
P99024,838,18.44627602422959,0.0
O54784,70,0.018867924528301886,69.33333333333333
Q6PGF3,53,0.031446540880503145,51.333333333333336
P80314,826,0.26900119379228016,635.6666666666666
Q60676,116,0.020114942528735632,113.66666666666667
Q3UQN2,193,0.1472,177.66666666666666
O35623,277,0.191512513601741,247.66666666666666
P62869,440,0.3789615643964936,317.0
P35979,120,3.1462160176340928,21.333333333333332
Q8VDQ1,142,0.12334801762114538,132.66666666666666
Q8R0X7,190,2.233173076923077,73.33333333333333
Q8BZ60,189,0.08768971332209106,180.33333333333334
Q99020,498,0.1318407960199005,465.3333333333333
Q62419,136,3.25,24.0
Q8VIG1,66,0.0707070707070707,61.333333333333336
O54984,499,1.216883116883117,275.3333333333333
P27641,214,4.236703471169806,18.333333333333332
Q8BKI2,51,0.032679738562091505,49.333333333333336
P27656,149,5.747068021892103,6.333333333333333
Q9QY36,98,0.6831683168316832,80.0
Q7TSH2,192,0.14790996784565916,176.66666666666666
Q7TN74,102,3.2207014542343884,25.333333333333332
Q3U2P1,593,4.6276935898771505,4.333333333333333
Q04857,581,11.565261757182551,0.0
Q99M87,441,2.8331826855478557,56.333333333333336
Q8BSY0,407,2.0074478649453824,161.33333333333334
P46737,247,0.029689608636977057,239.66666666666666
Q8BIJ7,169,3.3055135135135134,21.0
Q8BIA4,61,5.0690487687107675,1.0
Q8CI51,499,1.8932112890922959,216.66666666666666
P17918,163,0.024539877300613498,159.0
Q9JMA1,568,0.08926487747957992,520.3333333333334
Q62417,710,0.039868667917448405,682.3333333333334
P25911,665,0.06596701649175413,625.6666666666666
Q99MK8,57,5.48041876696394,0.3333333333333333
Q8VIJ6,367,3.3286666293330347,53.666666666666664
P61982,212,0.726027397260274,158.66666666666666
P97823,249,0.9397192402972749,176.33333333333334
Q8R104,188,0.11170212765957446,167.0
Q8BJM7,158,1.8495575221238938,82.0
P42232,119,5.267430622670164,6.333333333333333
Q99LI7,222,10.313589854445885,1.0
Q64511,159,5.222454062058289,8.333333333333334
Q64516,250,0.9283387622149837,172.0
Q69ZS7,210,3.2644467672091984,31.0
Q69ZU8,81,5.253043253043253,9.666666666666666
Q61214,55,0.09090909090909091,50.0
Q9D4H8,347,1.2577733199598797,197.33333333333334
Q8CE64,61,1.7350993377483444,37.666666666666664
P50636,53,4.104658583280153,13.0
Q9CZ44,513,0.7335043133597575,381.0
O88520,63,8.992867756315007,5.333333333333333
Q9Z1F9,190,2.007470651013874,86.66666666666667
Q3URD3,89,0.7616580310880829,70.0
O88907,84,0.15019762845849802,72.33333333333333
O55234,231,0.1690885072655218,209.66666666666666
Q64339,547,6.477341684894999,3.6666666666666665
Q8BRF7,531,0.29168900804289544,440.3333333333333
P62259,324,14.847905674925777,0.3333333333333333
Q9EPL8,257,2.3208779723020645,72.33333333333333
Q9WUM3,575,9.614051857201524,0.6666666666666666
Q9R1R2,56,7.765927977839335,6.666666666666667
Q9QXD6,695,0.3399920095884938,550.6666666666666
Q8BG05,340,1.2232357177148343,195.0
Q6P5D8,75,0.8189910979228486,59.0
P23780,102,0.1111111111111111,96.0
Q9CPR5,195,0.128,181.66666666666666
Q9WU84,94,0.3712574850299401,83.33333333333333
P99027,1314,0.45351118085523734,928.6666666666666
Q8C6B9,309,0.022653721682847898,302.0
Q6PB66,487,2.5959025649298275,63.333333333333336
Q921F2,685,0.3407347597900686,544.3333333333334
O35382,127,0.09254498714652956,117.66666666666667
Q9CPW4,306,0.2035225048923679,271.3333333333333
Q03160,357,6.44509275882705,3.3333333333333335
P60122,384,0.0720486111111111,356.3333333333333
Q91YW3,382,7.544839866513922,2.0
P17751,610,0.3170055452865065,492.6666666666667
P13346,119,2.1889081455805894,52.0
Q6DFW4,503,3.585155429771306,18.0
Q91YP3,418,1.2612137203166227,220.33333333333334
Q6PDQ2,187,0.3569023569023569,138.66666666666666
Q9CZN7,510,0.2893258426966292,421.6666666666667
P57780,2009,0.11652716231741342,1806.3333333333333
Q8BFZ3,258,0.15274463007159905,236.66666666666666
Q8CE90,113,0.679324894514768,91.33333333333333
O88351,195,0.34846029173419774,158.0
P61458,714,1.42,321.3333333333333
Q8VDP6,104,0.10909090909090909,98.0
Q61033,154,0.03017241379310345,150.0
B1AY10,91,5.166522864538395,10.666666666666666
Q5KU39,124,0.1319796954314721,114.0
Q62219,143,0.011655011655011656,141.33333333333334
Q62210,121,7.23388609589555,3.0
Q61146,308,1.1528619528619528,151.66666666666666
Q78PY7,865,6.703021416845245,0.6666666666666666
Q8R1B4,520,2.4701905924326355,91.66666666666667
P70196,92,9.915443493921657,0.0
O88551,298,0.23804780876494025,259.0
O88597,122,0.051771117166212535,116.66666666666667
Q80X85,95,0.10631229235880399,89.66666666666667
P54823,283,1.0918238993710692,181.33333333333334
Q8CH25,247,2.3528819531839917,59.666666666666664
P06745,598,1.000592768227623,414.0
P97372,307,0.08469055374592833,281.0
Q91VW5,44,0.029850746268656716,43.333333333333336
P13020,496,0.07001321003963012,469.3333333333333
Q3TW96,95,0.08080808080808081,91.0
P52792,710,0.023898781630740395,694.3333333333334
Q3V1L4,89,0.08602150537634409,85.0
O08529,309,1.2957974137931034,165.0
P68033,1131,0.4229607250755287,827.6666666666666
Q8BFW7,497,5.7218370225236255,2.0
Q8VDW0,270,1.0121168923734853,180.33333333333334
P68254,287,0.019744483159117306,281.3333333333333
Q3U9G9,134,0.7650085763293311,103.66666666666667
P42669,242,0.4605714285714286,194.0
Q8BJU0,193,6.368918375552875,0.3333333333333333
Q61545,273,0.25990675990675993,225.66666666666666
Q3UJD6,58,0.011494252873563218,57.333333333333336
Q99LI8,122,0.5693430656934306,73.0
Q8CDG3,97,0.4821002386634845,72.33333333333333
P35235,183,5.958137329978485,0.3333333333333333
Q9ER00,181,0.9335664335664335,121.0
Q99LE6,304,3.5798475960747766,19.0
Q8C5N3,49,2.7732558139534884,17.333333333333332
Q8VC03,73,11.859748072946042,4.0
Q9QZ06,205,3.4068003913894325,16.666666666666668
Q62165,185,0.11690647482014388,164.33333333333334
P68372,1735,3.851425032408274,9.0
Q9CZ30,346,2.1978976234003658,114.66666666666667
P27601,186,1.0541103017689906,122.66666666666667
Q6ZWR6,35,12.462132462132463,5.0
Q9CR51,136,0.37327188940092165,98.66666666666667
P97351,633,0.12122762148337596,572.6666666666666
O55143,368,5.42364618350407,5.666666666666667
O35492,117,0.6749482401656315,97.66666666666667
Q99N96,116,0.07734806629834254,111.33333333333333
P55012,44,0.0,44.0
P47857,55,0.5384615384615384,47.333333333333336
O55222,536,4.632222026660244,2.6666666666666665
Q9D4H1,140,0.09954751131221719,132.66666666666666
Q99JY9,769,0.35579322638146166,602.3333333333334
O09106,215,2.987956341738803,62.666666666666664
Q99JY0,1047,2.624649731269236,124.0
Q8BN21,66,0.6715867158671587,55.666666666666664
Q9JLN9,119,3.3533778767631772,20.666666666666668
P70441,141,4.314203270278935,10.666666666666666
Q920G9,173,3.4109665427509293,22.333333333333332
O70481,36,0.0,36.0
Q4VBE8,73,7.133102424542305,6.333333333333333
P51807,202,0.1524390243902439,185.33333333333334
Q99KG3,86,0.1511627906976744,73.0
Q6P5E4,358,0.04696132596685083,345.0
P09405,570,4.52070088718088,4.333333333333333
Q9WUB0,149,2.3879107981220655,47.0
Q9R1P3,472,0.26894865525672373,398.6666666666667
O08532,128,2.2868525896414345,48.666666666666664
P70398,274,0.38315217391304346,227.0
P42567,432,2.1655927835051547,219.0
Q9EQU5,87,0.48863636363636365,45.666666666666664
P50544,858,3.726635456144262,22.0
P70677,127,1.3595342066957787,90.33333333333333
O54774,249,1.0401819560272934,155.66666666666666
Q8R0Z6,71,0.03686635944700461,69.66666666666667
Q9JHW9,95,0.06779661016949153,91.66666666666667
Q80UM7,303,0.18743768693918245,271.6666666666667
Q6VNB8,105,9.957505455380728,5.333333333333333
P14602,105,0.6866359447004609,87.33333333333333
P19253,295,0.11259754738015608,265.3333333333333
Q8BHN3,437,0.02885345482156416,426.3333333333333
P17742,315,0.04741833508956796,301.3333333333333
Q8BP47,530,0.2565789473684211,452.0
Q8K2T8,251,0.25833333333333336,213.66666666666666
P58774,466,0.10638297872340426,420.0
Q3U821,52,9.903300399411394,6.333333333333333
O08795,161,0.018633540372670808,158.0
Q9DC61,175,0.8268015170670038,131.0
Q9DC69,513,0.04093567251461988,492.0
Q9JKR6,619,2.5303209293167948,134.0
P50580,551,0.3661476644902059,432.6666666666667
D3YU50,78,10.08367687044996,6.333333333333333
P08226,238,0.17391304347826086,215.33333333333334
Q9ESJ4,161,1.052890528905289,107.0
P29595,505,0.26417525773195877,398.6666666666667
Q8R5H1,396,2.4089209401709404,88.0
Q9Z0U1,584,7.584650470586614,1.3333333333333333
Q9QYR6,29,0.04597701149425287,27.666666666666668
Q8CID0,54,0.31016042780748665,50.333333333333336
P24788,149,0.7073552425665102,117.0
Q78XF5,301,0.18856569709127383,269.6666666666667
Q9WUN2,156,2.167971101745936,72.66666666666667
Q62376,495,0.29604130808950085,409.0
P26041,137,4.2096486967783715,8.666666666666666
P35550,298,2.197628458498024,110.0
Q9WTK7,72,0.5886524822695035,57.333333333333336
Q9QZS3,476,6.381507702434964,11.333333333333334
Q8BHJ5,135,16.086383867744573,0.6666666666666666
Q9WTM5,339,0.10216110019646366,305.3333333333333
P11087,313,12.379028706978595,0.3333333333333333
Q8BUK6,175,0.1349911190053286,162.33333333333334
Q8VBX6,84,0.06349206349206349,78.66666666666667
Q6ZWN5,475,2.5378413047461974,86.66666666666667
Q8BHB0,84,2.0362776025236595,47.0
Q9D0M5,666,0.34190871369294606,528.6666666666666
Q9ERA6,171,0.3624382207578254,150.33333333333334
P63073,101,0.0914826498422713,96.0
Q8VDD5,3023,4.894682679734091,2.0
Q60973,242,11.64544762155504,0.0
Q80ZK9,232,11.423722546052568,1.0
Q05D44,265,3.2474410324877616,44.666666666666664
Q9JKK1,230,0.05499276410998553,218.33333333333334
Q8C7R4,66,4.877811094452774,14.0
Q8VI36,251,0.44047619047619047,200.66666666666666
P08113,1004,1.097489539748954,624.6666666666666
Q61301,85,0.7634408602150538,68.66666666666667
Q9D1A2,381,1.150551876379691,225.0
P30999,919,3.0587401457312677,480.6666666666667
P06801,969,0.2877422877422877,869.6666666666666
Q8C4J7,120,21.96025578624058,1.0
Q8K1M6,468,4.507590119887069,10.333333333333334
P48036,470,3.662840115285037,9.333333333333334
Q8VDN2,663,4.661141650063612,3.3333333333333335
Q9DBG5,73,0.08733624454148471,69.66666666666667
Q9DBG3,1270,0.3271562571493937,1110.3333333333333
P62305,614,0.32545454545454544,494.6666666666667
Q8R2K4,62,1.9856887298747763,30.333333333333332
Q8JZU2,704,2.672666946340719,71.66666666666667
Q64337,1074,5.135697934298851,4.0
Q01405,657,4.671229217421037,4.0
Q6DIC0,184,2.091996320147194,49.666666666666664
Q64310,934,0.37941006362058993,715.3333333333334
Q91V12,219,1.0509337860780985,143.33333333333334
Q6PHQ9,197,4.477922745677743,7.0
Q99JX4,319,0.15072463768115943,293.0
P52480,257,2.0630480167014613,145.33333333333334
Q6A0A2,223,0.15955983493810177,203.66666666666666
Q8CFJ9,54,8.012045554095488,5.0
Q4VA53,68,2.1464128843338215,29.0
Q60770,221,0.19591836734693877,197.0
Q792Z1,1106,0.4304635761589404,802.6666666666666
Q9D358,265,2.5209580838323356,116.0
P08122,360,22.35209681958908,0.0
Q8BK67,135,3.4249818796810825,14.333333333333334
Q6P5F9,208,4.61515374596523,10.0
Q8BL66,199,1.1260199456029012,131.0
Q9JI10,134,1.5728587319243603,80.33333333333333
P61255,172,0.984936268829664,119.66666666666667
Q3UWA6,45,2.9035087719298245,16.0
Q9Z0P4,293,0.2224469160768453,256.3333333333333
Q63844,77,1.583941605839416,31.333333333333332
Q8CGY8,93,20.034498261599328,1.0
Q8BKC5,164,1.1481481481481481,105.33333333333333
Q8BZZ3,148,9.950011977960553,1.3333333333333333
P29341,743,0.0214190093708166,731.0
Q8C0T5,153,0.9893899204244032,112.66666666666667
Q9CW46,57,1.509727626459144,20.333333333333332
O70305,178,0.26547231270358307,150.33333333333334
P54731,512,1.7544288785116002,274.6666666666667
Q9DB34,101,0.10289389067524116,93.0
Q91YR7,162,13.204653417353368,1.3333333333333333
Q91VI7,417,0.263705759888966,353.6666666666667
Q9D906,344,0.9534472598703595,232.33333333333334
P26043,910,0.01575091575091575,895.6666666666666
Q9ESZ8,196,5.425769321118159,5.333333333333333
Q8BH43,168,1.0662721893491125,104.66666666666667
Q76MZ3,673,1.4158152840212506,267.6666666666667
Q01279,474,4.858259476775227,4.666666666666667
P14211,587,1.785222534664986,332.0
Q9CQS2,514,0.23367697594501718,446.0
Q9CZL5,347,0.2502210433244916,282.6666666666667
Q9CQZ1,172,0.13043478260869565,160.0
P28656,352,0.25295109612141653,300.6666666666667
P70255,125,0.7238805970149254,99.33333333333333
P97390,242,0.2822677925211098,201.66666666666666
Q9WV18,48,2.908682634730539,19.666666666666668
Q5SVR0,60,4.239188467698879,10.333333333333334
O08788,228,0.03508771929824561,220.0
P67778,506,0.2591743119266055,430.6666666666667
Q4LDD4,89,13.928542789682362,3.0
Q62418,217,2.541243275552899,75.66666666666667
Q62093,224,0.45652173913043476,175.0
Q80Y84,38,11.975319926873857,2.6666666666666665
Q6ZWQ9,1143,0.34649006622516554,914.3333333333334
Q61171,187,1.9967567567567568,77.33333333333333
Q8CFI7,76,5.757551456829725,8.0
Q9CX34,82,4.031031807602793,16.666666666666668
P07901,785,1.716798450863321,398.6666666666667
Q9CQK7,96,0.6622340425531915,75.66666666666667
Q8BLG0,47,0.0425531914893617,45.0
P17182,1160,11.690220597267063,0.0
Q91VR8,241,0.02888583218707015,235.33333333333334
D3YZU1,47,6.768651092690279,10.0
Q9JIF7,662,0.876969696969697,423.3333333333333
Q811D0,202,0.08576051779935275,188.33333333333334
Q8K0D0,93,0.6310160427807486,78.66666666666667
Q6R891,287,1.1703526598924088,162.33333333333334
Q9Z1Z2,182,0.15018315018315018,154.66666666666666
Q02013,631,0.34600262123197906,499.0
Q9WV55,135,0.14645308924485126,124.33333333333333
A2A432,173,0.9454314720812182,122.33333333333333
Q9Z1Q9,451,4.5566235031226725,10.333333333333334
Q9D8T3,156,2.1199551569506725,63.333333333333336
Q3TL44,188,0.28278041074249605,158.66666666666666
P19096,1348,8.817178852033114,0.0
Q7TMM9,2061,3.859474652487377,12.333333333333334
P54116,493,0.26916325336454067,416.3333333333333
P63330,267,0.32004689331770225,196.0
Q9DAS9,757,0.34655988350928285,598.3333333333334
Q7TPR4,757,9.040900121024283,0.0
P0C605,153,0.10893246187363835,136.33333333333334
P46460,342,0.07743785850860421,321.6666666666667
Q07813,109,0.20461095100864554,93.33333333333333
Q9CQ65,351,0.22577927548441448,306.3333333333333
P46467,321,7.333029899866956,2.6666666666666665
Q3U1F9,74,0.07207207207207207,68.66666666666667
Q8CBW3,121,2.586584205518554,35.0
Q8BH57,129,11.994461014060503,2.6666666666666665
Q61881,56,3.7998372660699755,17.666666666666668
Q924W5,63,0.04145077720207254,61.666666666666664
Q9D1M0,147,11.093383363280838,1.3333333333333333
Q60823,166,0.02610441767068273,161.66666666666666
P70122,94,0.18181818181818182,86.66666666666667
O35607,47,1.6346749226006192,30.333333333333332
Q9CU62,140,0.10426540284360189,126.0
P23818,50,4.399416909620991,19.333333333333332
O89050,523,4.031457696664031,46.333333333333336
P07214,86,3.7155921353452217,19.666666666666668
Q811S7,65,0.04020100502512563,63.666666666666664
D3Z6P0,66,1.3549382716049383,40.333333333333336
P57759,133,0.7231040564373897,105.66666666666667
Q8BWR8,58,3.0544354838709675,20.0
Q9CXK8,112,0.5740740740740741,98.66666666666667
Q9CY66,104,0.10909090909090909,98.0
Q9DC40,173,0.14466546112115733,159.0
Q6RHR9,89,14.773997210363921,3.0
Q8C2Q3,481,1.243455497382199,252.66666666666666
P39688,297,0.2024070021881838,253.66666666666666
Q8BMU0,64,5.163429336905559,8.666666666666666
O09172,329,0.12563323201621074,287.6666666666667
Q9EQH3,532,0.3327974276527331,424.3333333333333
Q5SWU9,875,8.621977473437324,0.3333333333333333
Q61753,67,0.46122448979591835,57.333333333333336
P80313,847,1.8385371072852836,352.3333333333333
Q3UZ39,80,0.004166666666666667,79.66666666666667
Q8C7V3,65,11.657441828445545,3.6666666666666665
P28660,199,0.04020100502512563,191.0
Q8R216,116,0.3825,82.33333333333333
Q8CI11,145,0.292,130.66666666666666
Q62318,519,4.84778510258148,7.0
Q02248,904,6.933111929262518,0.6666666666666666
Q99P88,140,0.10810810810810811,132.0
P27773,1212,1.6937129300118623,372.6666666666667
Q6IME9,367,0.22276029055690072,321.0
Q9CVD2,79,8.633691529709228,1.6666666666666667
Q61191,92,0.010869565217391304,91.0
P84078,314,5.253137773503246,10.0
P62874,261,13.523236725069397,0.0
Q9R190,218,5.97843231478079,4.0
Q80TM9,256,3.307364296415812,35.666666666666664
Q9D0C1,87,0.4953560371517028,78.33333333333333
Q7TPQ3,36,2.5027624309392267,20.0
Q9D0N7,63,11.040846312077578,4.333333333333333
Q99M28,386,0.2586466165413534,328.6666666666667
P97371,442,1.2544289483603468,240.33333333333334
Q3UDE2,117,0.06611570247933884,113.0
Q9R0P5,166,0.10646387832699619,156.66666666666666
P07356,269,0.19425287356321838,234.33333333333334
O89110,179,5.33351117434347,6.666666666666667
Q9QXK3,228,0.1856763925729443,204.66666666666666
Q99K48,559,3.1966675648971528,78.33333333333333
P62309,671,0.30198228595529314,551.6666666666666
P68510,190,0.5800807537012113,154.0
Q99K41,358,2.4203042798236885,95.66666666666667
Q9JJV2,184,0.7979274611398963,128.0
Q3U7R1,189,9.234214347952367,1.3333333333333333
Q8R071,100,0.10759493670886076,94.0
Q60864,552,15.483485059094718,0.0
Q1HFZ0,211,1.0929626411815812,141.66666666666666
Q923J1,35,1.6126126126126126,24.666666666666668
Q3UHC7,44,3.859154929577465,16.333333333333332
Q3TJD7,143,7.219997630612487,2.6666666666666665
Q9CQ71,454,0.2975,374.6666666666667
A6X8Z5,70,0.01904761904761905,68.66666666666667
Q8BFR5,1022,2.848072882999354,110.33333333333333
Q6PHZ2,67,1.7719665271966527,39.666666666666664
Q99NB8,200,2.241825095057034,63.333333333333336
Q91YS8,78,0.6084142394822006,67.66666666666667
Q9DC70,102,0.09937888198757763,96.66666666666667
P47962,564,0.13172966781214204,505.3333333333333
Q9R0E1,295,0.1920326864147089,263.6666666666667
Q9D8E6,795,0.1282669883393647,722.6666666666666
Q8VD75,258,3.305768249106687,21.0
P17156,191,0.12116040955631399,177.66666666666666
Q810A7,87,1.6749585406301823,51.0
Q61164,227,7.335715454694234,1.3333333333333333
Q04207,172,1.5564995751911639,105.0
Q99L88,562,4.712501427662386,2.3333333333333335
P58252,853,7.1217972234921385,0.3333333333333333
Q9CXY6,172,1.0067114093959733,118.0
Q8BJS4,185,0.17297297297297298,153.0
Q3UEB3,268,1.1965495995070856,158.33333333333334
P70227,65,8.78184833408714,5.0
Q6NZJ6,393,4.558418146993653,5.333333333333333
Q9Z2V5,64,2.7711340206185566,14.0
P08730,73,0.07048458149779736,70.33333333333333
P23475,61,0.19672131147540983,49.0
P07724,753,2.7078177814990543,77.33333333333333
Q6NS46,49,24.603748425809318,4.0
Q99PG4,136,1.0870229007633587,75.0
Q9WV60,209,1.956005279366476,113.0
Q5BL07,403,6.089338906505237,3.3333333333333335
Q8R5K2,70,3.8368544600938965,18.666666666666668
Q9Z0P5,114,0.6750524109014675,88.33333333333333
Q9JI78,356,5.005762325947981,49.666666666666664
Q91VJ4,181,3.4097653554175293,21.0
P24547,234,7.249350801491692,3.6666666666666665
O35099,41,0.0975609756097561,37.0
P97303,53,0.024844720496894408,52.333333333333336
Q8CIM8,48,0.05405405405405406,46.666666666666664
P54728,788,1.755766080835805,516.0
Q8BGS0,120,0.11518324607329843,112.66666666666667
P48722,137,0.1275626423690205,127.66666666666667
Q6IQX8,99,5.951113343378537,9.0
Q6P1F6,199,6.389418939649044,4.333333333333333
Q9D1H7,872,0.3771712158808933,669.3333333333334
Q9QZN4,227,1.062240663900415,149.66666666666666
Q8BIL5,135,0.08076009501187649,129.0
Q9EPC1,110,3.669332723948812,3.0
Q60972,310,0.3798165137614679,275.3333333333333
Q8VH51,586,0.04767309875141884,559.3333333333334
O70570,257,4.476974035687573,4.666666666666667
P19324,331,0.032225579053373615,320.3333333333333
Q9WTL8,191,0.038394415357766144,183.66666666666666
P11499,1381,2.9949903400227442,520.3333333333334
Q9D1P4,143,2.1314413741598206,73.0
Q61249,198,0.19254658385093168,173.33333333333334
Q6P4S6,93,0.08480565371024736,86.33333333333333
Q9WUP7,184,0.12244897959183673,172.0
Q91WD5,287,0.1892744479495268,257.0
Q8R5K4,44,0.029850746268656716,43.333333333333336
O08808,209,0.2042360060514372,178.0
Q9R1P4,533,0.27964601769911507,420.3333333333333
O35864,143,1.1606382978723404,84.33333333333333
O55201,178,8.362784683186868,2.0
Q8BTM8,509,0.12553582363747703,476.0
Q64727,836,2.6178276121272863,250.33333333333334
P34152,64,0.23232323232323232,53.333333333333336
P62082,1035,0.1137425989404799,948.0
P30416,427,6.558339821277241,1.6666666666666667
P11679,3222,1.9068361693707954,1341.6666666666667
P47753,1112,0.6075895696417214,980.3333333333334
P47754,2344,1.1188082166430202,1325.3333333333333
Q8BMS1,1437,3.8184626506561274,13.666666666666666
O35685,200,0.31097560975609756,160.0
Q8C863,268,10.568885348548564,0.6666666666666666
Q9CQ10,100,0.02631578947368421,98.66666666666667
P15208,134,0.8004291845493562,73.66666666666667
Q9DC23,140,0.26869158878504673,104.33333333333333
Q9ER39,142,0.09821428571428571,134.66666666666666
Q9QYH6,294,0.2834008097165992,244.0
P14824,825,0.21021336131514515,752.6666666666666
P97329,71,0.018604651162790697,70.33333333333333
Q9R0E2,135,0.10304449648711944,127.66666666666667
Q61510,391,0.011082693947144074,386.6666666666667
Q9CQ69,625,0.3146067415730337,508.3333333333333
Q8VDI7,198,3.4710701484895035,13.333333333333334
P52293,257,9.35516237528617,1.3333333333333333
P46414,429,0.0876923076923077,397.3333333333333
